cgpa,backlog_count,degree_branch,internship_count,internship_duration_months,project_count,project_complexity_score,certification_count,skill_diversity_score,github_contributions,github_repo_count,leetcode_problems_solved,leetcode_contest_rating,placement_probability_score,company_tier,placed
7.36,3,IT,1,3,4,5.78,2,5.17,350,19,45,1119,48.62,Mass Recruiter,1
6.0,0,Mechanical,2,3,2,2.59,1,1.49,29,4,0,0,34.58,Not Placed,0
7.54,0,ECE,0,0,5,2.31,3,4.34,132,4,0,0,39.83,Not Placed,0
7.75,0,IT,2,4,3,4.99,1,4.74,156,5,67,1551,56.48,Mass Recruiter,1
7.7,0,CS,1,6,1,4.31,5,5.01,186,10,356,1736,63.86,Mid-tier,1
8.17,0,CS,0,0,3,3.71,4,4.76,0,0,149,1358,46.32,Mass Recruiter,1
7.95,0,CS,1,1,3,5.55,1,4.11,173,8,0,0,37.85,Not Placed,0
7.61,0,EEE,0,0,1,2.91,2,1.85,0,0,44,1077,24.86,Not Placed,0
7.14,0,ECE,2,4,4,3.86,2,5.3,0,0,0,0,44.87,Mass Recruiter,1
5.71,0,ECE,3,8,4,2.14,1,4.68,0,0,0,0,51.72,Mass Recruiter,1
7.59,0,CS,1,2,2,1.94,2,3.43,132,10,0,0,40.27,Mass Recruiter,1
7.39,0,Civil,0,0,2,2.89,1,1.9,244,9,320,1474,37.52,Not Placed,0
7.44,0,EEE,0,0,2,1.84,2,1.0,180,9,0,0,24.94,Not Placed,0
6.05,0,CS,0,0,2,2.47,2,2.61,324,24,62,1257,44.49,Mass Recruiter,1
6.23,2,CS,1,2,1,2.39,3,2.83,0,5,99,1504,34.94,Not Placed,0
8.15,0,CS,2,6,4,2.5,3,5.21,266,9,0,0,53.41,Mass Recruiter,1
7.16,0,CS,2,2,4,4.47,3,4.84,88,13,393,1831,71.37,Mid-tier,1
7.81,0,IT,1,3,4,4.31,0,2.52,10,2,46,1478,53.62,Mass Recruiter,1
7.23,2,IT,1,1,5,2.2,4,5.78,216,7,0,0,36.83,Not Placed,0
7.23,0,CS,2,6,1,2.86,2,3.8,35,5,0,0,45.4,Mass Recruiter,1
8.04,0,ECE,1,1,3,3.8,1,3.62,0,0,85,1622,45.35,Mass Recruiter,1
6.74,1,CS,2,4,3,2.09,1,2.18,0,0,233,1817,56.61,Mass Recruiter,1
7.29,0,CS,2,6,3,2.11,2,4.1,52,5,0,0,47.69,Mass Recruiter,1
6.78,0,IT,2,4,3,3.4,4,4.09,0,0,37,1253,53.54,Mass Recruiter,1
6.81,1,IT,0,0,3,3.1,2,4.92,0,0,39,1381,30.97,Not Placed,0
6.92,3,ECE,1,3,3,3.27,2,4.33,339,19,0,0,27.77,Not Placed,0
7.4,0,CS,2,3,2,4.54,0,2.08,22,1,0,1492,53.93,Mass Recruiter,1
6.77,2,IT,0,0,3,4.78,2,3.59,276,7,104,1688,38.07,Not Placed,0
8.33,3,IT,2,6,3,2.06,5,5.33,143,9,0,0,44.8,Mass Recruiter,1
6.39,0,CS,2,6,3,3.02,3,2.9,0,0,128,1519,53.16,Mass Recruiter,1
7.03,0,ECE,1,3,1,1.8,1,2.67,0,0,0,0,33.17,Not Placed,0
6.8,1,CS,2,4,1,2.81,2,3.18,372,17,0,0,39.22,Not Placed,0
8.5,0,CS,1,2,3,3.79,1,4.48,19,4,126,1268,51.61,Mass Recruiter,1
7.38,0,Mechanical,0,0,1,5.1,1,1.12,0,0,0,1278,32.12,Not Placed,0
8.13,2,Civil,1,2,2,4.59,2,2.4,0,0,29,1235,39.93,Not Placed,0
5.86,3,EEE,0,0,3,1.83,2,2.09,391,21,0,0,14.66,Not Placed,0
7.44,0,CS,1,2,3,5.06,1,2.9,110,5,334,1558,66.0,Mid-tier,1
8.0,0,CS,1,2,1,2.37,4,3.45,131,5,0,0,39.63,Not Placed,0
7.27,1,ECE,2,4,2,3.79,2,4.1,0,0,0,0,34.38,Not Placed,0
8.16,3,IT,0,0,0,0.0,2,2.44,58,10,0,0,18.71,Not Placed,0
6.73,2,CS,0,0,3,2.65,2,4.3,0,0,477,1674,40.66,Mass Recruiter,1
8.47,0,IT,2,4,4,4.03,3,4.8,164,5,0,0,56.48,Mass Recruiter,1
9.27,0,CS,2,6,6,6.63,2,4.38,0,0,161,1253,70.29,Mid-tier,1
6.87,0,Mechanical,1,2,2,1.03,1,2.27,0,0,0,0,27.96,Not Placed,0
6.8,0,CS,2,3,3,3.71,2,4.68,34,5,3,1239,46.77,Mass Recruiter,1
8.51,0,ECE,2,4,2,3.72,0,1.33,387,23,0,0,52.91,Mass Recruiter,1
8.62,0,CS,1,2,2,5.18,3,4.95,0,0,91,1344,46.88,Mass Recruiter,1
6.73,2,IT,0,0,3,1.75,2,3.52,123,6,0,0,19.59,Not Placed,0
6.82,0,IT,2,3,1,2.46,1,2.51,108,8,26,1168,47.16,Mass Recruiter,1
6.95,1,CS,1,2,1,2.26,3,4.32,432,19,156,1394,52.36,Mass Recruiter,1
5.99,2,Civil,1,3,3,1.5,3,3.27,0,0,0,0,21.66,Not Placed,0
6.37,1,ECE,2,6,2,1.55,4,4.33,9,2,18,1154,43.86,Mass Recruiter,1
6.3,0,Mechanical,0,0,1,1.59,1,1.75,75,7,35,1359,29.32,Not Placed,0
6.51,1,Mechanical,0,0,2,0.5,0,2.0,0,0,14,1118,23.58,Not Placed,0
7.17,1,IT,2,4,2,3.91,2,1.9,160,14,493,1960,62.21,Mid-tier,1
7.41,0,Mechanical,0,0,0,0.0,0,1.0,255,13,0,0,15.41,Not Placed,0
8.6,0,CS,0,0,3,5.06,4,5.69,0,0,181,1278,40.31,Mass Recruiter,1
6.3,1,CS,1,1,6,3.31,1,5.73,178,9,49,1332,44.41,Mass Recruiter,1
8.09,2,CS,2,3,6,5.83,1,4.17,14,1,26,1250,58.79,Mid-tier,1
7.01,1,CS,1,1,4,4.83,2,4.4,366,12,25,1069,42.78,Mass Recruiter,1
7.16,1,IT,2,3,2,2.09,2,4.04,445,27,149,1535,57.9,Mass Recruiter,1
7.81,0,CS,2,6,3,6.59,3,5.25,19,33,197,1487,62.98,Mid-tier,1
6.19,1,EEE,0,0,2,0.83,1,1.0,0,0,0,0,15.42,Not Placed,0
7.54,0,IT,2,8,5,3.15,1,3.79,465,25,0,0,61.15,Mid-tier,1
7.35,0,CS,2,6,1,3.8,1,2.63,64,2,223,2049,56.04,Mass Recruiter,1
7.64,2,IT,1,3,3,3.8,2,4.76,146,5,0,0,37.57,Not Placed,0
7.46,0,CS,0,0,3,2.74,1,5.7,384,22,42,1168,41.0,Mass Recruiter,1
9.41,0,EEE,0,0,3,4.13,1,2.62,34,3,36,1077,42.06,Mass Recruiter,1
6.63,2,CS,3,6,3,1.7,2,3.07,0,0,0,0,44.45,Mass Recruiter,1
6.72,0,Civil,1,3,0,0.0,2,2.42,0,0,0,0,23.42,Not Placed,0
6.64,3,ECE,2,8,5,3.68,4,6.56,0,0,0,0,46.41,Mass Recruiter,1
6.7,0,CS,1,1,3,2.01,4,5.29,363,24,0,0,43.9,Mass Recruiter,1
6.63,1,CS,1,1,4,3.45,4,4.87,50,5,64,1706,43.38,Mass Recruiter,1
8.27,0,EEE,0,0,4,3.65,0,3.47,199,14,60,1517,41.67,Mass Recruiter,1
8.48,0,ECE,1,3,3,4.93,0,3.23,0,0,112,1399,49.42,Mass Recruiter,1
6.69,1,ECE,1,2,3,4.04,1,2.38,0,0,182,1587,43.28,Mass Recruiter,1
6.45,0,ECE,1,2,3,2.37,3,4.51,0,0,309,1594,58.73,Mid-tier,1
7.62,0,CS,0,0,5,3.48,5,7.3,155,10,0,0,42.52,Mass Recruiter,1
6.7,1,IT,2,4,2,2.88,4,5.75,38,2,131,1323,41.65,Mass Recruiter,1
7.77,0,CS,2,2,2,3.8,1,3.25,0,0,117,1620,52.15,Mass Recruiter,1
7.38,0,EEE,1,3,2,3.54,3,3.11,184,5,175,1686,39.49,Not Placed,0
5.84,2,ECE,1,3,2,2.33,1,3.78,205,4,0,0,23.48,Not Placed,0
8.59,0,CS,2,4,3,3.94,0,2.23,0,0,130,1595,51.82,Mass Recruiter,1
8.82,0,CS,1,6,2,4.08,2,4.15,180,4,0,0,43.02,Mass Recruiter,1
6.65,2,CS,2,4,2,2.59,0,1.7,393,24,108,1572,42.8,Mass Recruiter,1
6.85,3,CS,2,4,3,2.58,2,5.05,0,0,0,0,36.81,Not Placed,0
7.46,1,ECE,0,0,1,2.49,1,2.19,47,5,0,0,21.59,Not Placed,0
7.5,0,ECE,1,6,3,5.71,1,4.21,119,11,117,1457,53.55,Mass Recruiter,1
7.79,1,Mechanical,2,3,0,0.0,1,1.99,53,5,106,1436,38.35,Not Placed,0
9.01,0,IT,1,2,1,2.12,4,3.42,221,9,128,1489,46.49,Mass Recruiter,1
7.04,0,CS,3,12,3,3.34,3,5.84,28,13,0,0,60.41,Mid-tier,1
6.48,2,ECE,1,3,1,1.96,1,3.64,142,14,152,1341,42.43,Mass Recruiter,1
5.96,2,ECE,1,3,2,1.51,3,4.51,0,0,0,0,24.88,Not Placed,0
6.54,2,IT,0,0,4,4.05,4,4.99,71,4,0,0,26.53,Not Placed,0
7.17,1,ECE,1,3,1,2.77,0,1.66,0,3,0,0,21.95,Not Placed,0
8.82,0,IT,2,4,3,5.52,2,4.32,78,6,82,1430,58.75,Mid-tier,1
6.73,3,IT,3,6,5,2.64,1,3.94,125,6,207,1141,59.7,Mid-tier,1
7.4,0,IT,1,3,4,2.54,0,4.95,0,0,0,1143,49.34,Mass Recruiter,1
7.19,0,CS,2,4,4,4.57,3,5.22,517,10,78,1096,62.48,Mid-tier,1
8.27,0,CS,1,2,1,4.64,4,2.24,0,0,0,0,42.86,Mass Recruiter,1
9.47,0,CS,1,3,3,4.49,1,3.97,0,0,0,0,49.67,Mass Recruiter,1
6.72,1,ECE,0,0,5,2.41,3,4.72,23,4,0,0,30.32,Not Placed,0
6.76,2,CS,2,4,3,4.41,4,5.14,207,5,248,1557,53.84,Mass Recruiter,1
8.14,1,IT,2,6,3,3.75,4,4.91,73,5,0,0,50.03,Mass Recruiter,1
7.81,0,Mechanical,0,0,3,3.2,0,2.95,0,0,0,0,23.83,Not Placed,0
8.86,0,CS,0,0,4,4.15,4,6.5,125,7,351,1543,59.1,Mid-tier,1
7.73,0,IT,2,4,3,2.63,2,4.43,36,5,0,0,48.95,Mass Recruiter,1
6.88,0,ECE,1,3,3,5.62,2,3.43,247,33,0,0,48.19,Mass Recruiter,1
7.73,2,CS,2,8,2,3.36,0,2.77,132,14,0,0,37.99,Not Placed,0
8.2,0,CS,1,2,3,4.02,0,3.22,75,8,85,1258,52.34,Mass Recruiter,1
7.94,0,CS,1,2,2,2.35,3,3.66,201,11,0,0,46.9,Mass Recruiter,1
7.66,0,CS,1,2,1,1.04,2,3.86,55,12,25,1198,43.98,Mass Recruiter,1
8.16,0,Mechanical,2,4,2,5.98,0,2.27,0,0,74,1555,55.02,Mass Recruiter,1
8.25,0,EEE,1,2,1,4.85,0,2.73,0,0,0,0,35.66,Not Placed,0
8.44,0,ECE,0,0,3,4.8,2,4.7,175,8,0,0,41.25,Mass Recruiter,1
7.78,0,EEE,0,0,0,0.0,0,1.0,0,0,0,0,13.19,Not Placed,0
7.05,0,EEE,0,0,2,0.5,2,3.56,38,3,0,0,16.22,Not Placed,0
7.33,0,CS,0,0,4,3.8,0,2.84,159,12,69,1186,42.62,Mass Recruiter,1
8.29,1,Mechanical,1,6,4,4.42,0,3.26,8,1,146,1486,40.29,Mass Recruiter,1
6.46,1,IT,2,6,3,3.73,2,3.79,90,11,290,1394,63.19,Mid-tier,1
7.53,0,EEE,0,0,2,3.34,1,1.58,0,0,191,1478,41.17,Mass Recruiter,1
6.85,0,Mechanical,1,6,2,3.11,1,2.62,487,33,179,1645,48.2,Mass Recruiter,1
7.23,3,CS,0,0,3,3.8,2,2.06,0,0,144,1546,31.72,Not Placed,0
8.35,0,CS,2,3,3,5.02,5,4.3,47,12,272,1772,68.21,Mid-tier,1
7.37,1,CS,2,8,4,3.86,3,4.96,61,4,55,1121,56.06,Mass Recruiter,1
7.24,0,IT,0,0,1,2.57,0,2.47,123,4,0,0,27.68,Not Placed,0
5.98,2,EEE,2,4,0,0.0,1,1.3,145,5,22,1345,30.87,Not Placed,0
7.87,0,EEE,2,4,2,5.02,3,2.14,181,12,130,1548,54.64,Mass Recruiter,1
7.78,0,CS,2,2,3,3.68,2,3.55,428,10,214,1224,66.21,Mid-tier,1
9.15,1,IT,1,1,4,6.13,0,3.91,0,0,0,0,46.73,Mass Recruiter,1
6.92,1,IT,3,10,3,0.89,3,5.17,457,19,50,1347,59.73,Mid-tier,1
7.4,0,CS,2,8,3,3.73,3,4.69,253,7,0,1191,62.56,Mid-tier,1
7.42,0,CS,0,0,4,2.88,2,5.53,128,14,0,0,31.04,Not Placed,0
8.62,0,CS,1,1,1,3.3,0,2.72,36,4,0,0,37.61,Not Placed,0
7.11,0,Mechanical,0,0,1,2.33,0,1.0,191,13,45,1145,32.49,Not Placed,0
7.45,0,CS,1,2,2,5.06,3,4.08,0,0,104,1403,45.43,Mass Recruiter,1
7.75,1,IT,1,1,2,4.1,1,2.18,8,5,126,1417,46.02,Mass Recruiter,1
7.37,0,ECE,0,0,2,2.96,2,3.21,0,0,0,0,28.69,Not Placed,0
6.8,0,IT,0,0,6,2.6,2,6.29,181,11,133,1534,43.29,Mass Recruiter,1
7.37,2,Civil,2,6,3,3.5,0,2.85,58,5,0,0,36.35,Not Placed,0
8.17,0,Civil,2,4,1,2.4,3,4.12,0,0,0,0,38.64,Not Placed,0
6.28,4,CS,1,3,2,3.26,3,4.06,345,31,0,0,28.42,Not Placed,0
7.32,0,IT,1,2,1,2.6,3,4.98,43,2,86,1285,52.39,Mass Recruiter,1
6.57,3,CS,1,1,3,1.44,0,3.05,55,5,302,1413,36.94,Not Placed,0
8.28,0,CS,1,2,3,4.29,1,4.88,0,0,126,1485,56.41,Mass Recruiter,1
5.83,4,CS,2,2,3,3.15,2,4.18,179,5,51,1442,39.1,Not Placed,0
6.7,4,ECE,0,0,2,3.57,0,2.87,69,5,0,0,11.95,Not Placed,0
7.54,0,IT,2,3,5,4.23,5,7.68,152,10,263,1859,71.09,Mid-tier,1
8.61,1,CS,1,6,2,5.22,1,3.15,50,4,303,1704,60.88,Mid-tier,1
7.14,0,CS,0,0,6,4.76,2,5.57,0,0,99,1610,50.19,Mass Recruiter,1
6.7,1,Mechanical,0,0,2,0.5,1,3.43,0,0,0,0,22.94,Not Placed,0
8.89,0,CS,1,2,5,5.44,3,5.39,142,10,137,1294,73.76,FAANG,1
5.9,2,CS,1,3,2,0.5,1,2.24,0,0,133,1685,35.53,Not Placed,0
5.22,1,IT,0,0,2,1.75,2,5.51,36,9,15,1061,22.54,Not Placed,0
7.6,0,Civil,1,3,1,2.05,0,1.12,0,0,0,0,30.64,Not Placed,0
6.75,1,CS,0,0,2,2.73,4,4.93,394,20,273,1298,43.04,Mass Recruiter,1
6.28,2,ECE,1,2,2,0.5,0,3.22,0,0,0,0,24.85,Not Placed,0
7.84,1,ECE,1,1,2,3.73,4,3.81,0,0,32,1359,34.4,Not Placed,0
7.42,0,CS,1,2,1,2.63,3,3.09,174,11,26,1141,52.18,Mass Recruiter,1
6.69,0,ECE,2,2,3,3.41,1,3.4,0,0,0,0,43.15,Mass Recruiter,1
6.05,0,IT,1,2,5,2.67,3,4.07,129,10,0,0,34.3,Not Placed,0
7.99,0,ECE,1,3,1,3.42,0,1.67,113,5,0,1132,36.57,Not Placed,0
7.79,0,ECE,1,3,2,4.9,4,4.5,0,0,365,1728,59.65,Mid-tier,1
7.11,0,IT,2,3,6,5.59,2,5.18,39,5,0,0,57.02,Mass Recruiter,1
8.86,0,CS,1,3,2,7.05,2,2.57,136,6,208,1156,53.16,Mass Recruiter,1
6.24,4,EEE,3,10,1,4.38,1,3.28,30,3,93,1548,47.36,Mass Recruiter,1
5.83,2,CS,1,2,2,4.64,0,2.88,0,0,40,1558,26.52,Not Placed,0
6.58,0,CS,1,3,2,2.33,5,6.44,260,11,126,1424,48.41,Mass Recruiter,1
7.16,0,CS,1,2,3,3.54,0,2.99,78,4,0,0,43.26,Mass Recruiter,1
7.42,0,IT,2,4,6,7.14,3,5.2,179,11,128,1277,64.25,Mid-tier,1
6.98,1,ECE,2,4,3,4.72,1,3.42,0,0,77,1408,41.99,Mass Recruiter,1
7.52,0,CS,1,2,2,2.59,4,4.63,332,25,224,1383,55.34,Mass Recruiter,1
6.07,1,IT,2,3,3,1.25,1,2.76,21,1,111,1562,43.59,Mass Recruiter,1
8.5,0,CS,0,0,4,2.81,2,5.78,28,5,131,1617,50.91,Mass Recruiter,1
7.13,3,ECE,3,6,2,3.36,2,2.8,0,0,0,0,35.07,Not Placed,0
8.21,2,CS,1,3,2,5.65,3,2.83,361,13,128,1437,47.48,Mass Recruiter,1
7.51,0,ECE,1,3,3,2.8,0,3.76,89,5,0,0,28.96,Not Placed,0
7.61,0,IT,1,3,3,2.94,1,3.3,0,2,97,1238,48.32,Mass Recruiter,1
7.71,0,Mechanical,0,0,1,0.5,0,1.01,166,13,0,0,21.82,Not Placed,0
7.6,0,CS,2,3,6,5.71,3,4.49,48,2,150,1362,59.14,Mid-tier,1
7.78,0,CS,1,2,3,5.25,1,5.09,182,8,87,1281,52.94,Mass Recruiter,1
8.4,0,CS,1,2,3,4.84,2,3.17,310,20,0,0,52.23,Mass Recruiter,1
7.38,0,Mechanical,0,0,2,2.27,0,1.95,0,0,0,0,21.94,Not Placed,0
7.84,0,EEE,1,2,1,2.95,2,3.23,0,0,0,0,32.16,Not Placed,0
7.12,0,CS,2,8,3,2.86,4,5.54,0,0,14,1148,54.7,Mass Recruiter,1
8.5,1,ECE,1,1,5,6.16,2,4.45,0,0,0,0,38.12,Not Placed,0
6.59,3,EEE,0,0,4,2.29,1,1.84,0,0,0,0,24.05,Not Placed,0
8.82,0,IT,2,4,5,4.32,1,3.85,163,9,0,0,55.6,Mass Recruiter,1
7.16,0,IT,0,0,6,2.29,0,4.55,0,0,0,0,36.3,Not Placed,0
5.91,4,CS,1,3,3,1.39,1,3.07,43,10,313,1859,45.13,Mass Recruiter,1
7.32,0,CS,2,3,4,5.05,3,5.26,0,0,49,1483,56.86,Mass Recruiter,1
6.59,2,Mechanical,1,2,0,0.0,1,2.15,0,0,0,0,18.19,Not Placed,0
7.96,0,Mechanical,0,0,0,0.0,3,3.37,193,10,0,0,23.28,Not Placed,0
6.61,2,ECE,2,3,2,1.33,1,1.82,0,0,0,0,24.0,Not Placed,0
6.8,0,CS,1,1,3,2.88,3,6.46,128,4,300,1623,52.94,Mass Recruiter,1
5.5,4,CS,2,6,2,0.5,2,4.41,38,1,47,1314,32.8,Not Placed,0
6.79,3,ECE,1,3,1,0.6,2,2.9,201,14,0,0,20.26,Not Placed,0
5.02,0,Mechanical,0,0,2,0.5,0,2.77,0,0,18,1173,14.13,Not Placed,0
5.77,2,Mechanical,0,0,5,3.7,1,5.49,0,0,0,0,25.01,Not Placed,0
7.88,3,ECE,1,1,3,2.75,1,2.05,0,0,0,0,33.19,Not Placed,0
7.91,0,ECE,1,6,3,4.42,2,3.52,12,3,0,0,45.46,Mass Recruiter,1
7.58,2,CS,0,0,1,2.25,4,2.5,0,0,64,1388,34.64,Not Placed,0
6.33,1,CS,1,2,3,1.54,2,4.35,0,0,0,0,29.99,Not Placed,0
7.16,0,Mechanical,0,0,3,4.18,0,2.59,0,0,0,0,23.63,Not Placed,0
7.2,0,ECE,2,4,0,0.0,2,2.47,0,0,0,0,30.11,Not Placed,0
6.16,0,CS,1,3,4,0.98,2,4.08,0,0,34,1319,44.7,Mass Recruiter,1
8.55,0,CS,0,0,2,4.1,1,1.66,117,13,120,1346,45.61,Mass Recruiter,1
7.99,0,ECE,1,2,5,6.44,3,5.3,351,17,0,0,50.04,Mass Recruiter,1
7.0,0,CS,1,6,3,1.37,5,6.86,450,31,114,1550,60.64,Mid-tier,1
7.22,0,CS,2,4,1,1.44,4,3.93,41,14,233,1500,57.16,Mass Recruiter,1
7.39,0,IT,2,3,2,2.24,1,3.65,0,0,0,0,38.94,Not Placed,0
5.36,4,ECE,0,0,2,0.5,3,2.55,0,0,0,0,6.57,Not Placed,0
6.98,4,ECE,0,0,2,3.62,2,3.67,0,0,0,0,19.82,Not Placed,0
6.59,1,CS,1,3,3,2.03,2,3.89,45,5,183,1588,50.0,Mass Recruiter,1
6.3,2,ECE,1,6,0,0.0,2,1.89,0,0,0,0,21.78,Not Placed,0
6.95,2,CS,1,3,2,3.63,3,3.69,35,11,240,1552,53.54,Mass Recruiter,1
8.82,0,CS,0,0,2,6.46,2,3.49,351,28,254,1928,64.1,Mid-tier,1
7.78,3,ECE,0,0,4,4.42,1,3.91,0,0,137,1412,35.46,Not Placed,0
6.69,0,ECE,1,2,4,4.96,2,3.05,0,0,137,1607,44.79,Mass Recruiter,1
7.72,0,EEE,1,2,1,1.87,1,1.68,0,0,104,1563,33.06,Not Placed,0
8.46,2,ECE,0,0,0,0.0,0,1.47,0,0,0,0,14.12,Not Placed,0
8.03,0,IT,1,2,4,4.61,4,4.72,136,5,281,1853,65.85,Mid-tier,1
7.25,1,CS,0,0,2,2.92,3,5.74,588,32,201,1372,51.84,Mass Recruiter,1
6.62,3,IT,2,3,4,2.3,3,4.42,413,24,159,1450,53.54,Mass Recruiter,1
7.83,0,CS,1,2,4,5.67,0,3.06,422,12,0,0,53.19,Mass Recruiter,1
7.55,2,CS,0,0,2,5.39,3,3.52,0,0,28,1215,31.66,Not Placed,0
8.01,0,Civil,0,0,2,3.33,0,3.34,0,0,255,1866,43.63,Mass Recruiter,1
7.77,0,IT,2,4,6,5.99,0,4.84,0,0,301,1873,73.42,FAANG,1
8.14,0,Mechanical,1,1,2,2.56,1,1.65,0,0,0,0,24.37,Not Placed,0
6.72,3,ECE,2,3,4,3.89,1,4.48,46,4,0,0,33.21,Not Placed,0
8.39,0,ECE,1,3,3,3.82,2,3.86,0,0,79,1455,52.3,Mass Recruiter,1
7.38,0,IT,2,4,2,0.7,0,3.01,218,9,127,1504,54.34,Mass Recruiter,1
9.07,0,IT,0,0,3,4.89,2,3.92,16,2,0,0,34.23,Not Placed,0
6.58,2,IT,0,0,5,5.92,1,3.9,219,21,308,1851,40.52,Mass Recruiter,1
8.76,0,CS,2,4,3,6.19,5,5.97,0,0,101,1391,62.13,Mid-tier,1
7.38,0,ECE,2,3,0,0.0,2,2.06,0,0,0,0,32.82,Not Placed,0
6.61,0,CS,1,1,2,0.5,3,5.75,204,4,55,1240,37.37,Not Placed,0
6.76,1,CS,3,10,2,2.46,2,2.78,280,11,123,1502,61.54,Mid-tier,1
6.91,2,ECE,2,3,2,1.33,0,3.53,0,0,0,0,32.54,Not Placed,0
7.58,0,CS,1,3,3,2.77,5,5.61,49,4,0,0,44.86,Mass Recruiter,1
7.67,0,Mechanical,0,0,0,0.0,0,1.34,0,0,0,0,7.85,Not Placed,0
6.68,4,Mechanical,1,6,3,3.37,1,3.47,0,0,0,0,19.75,Not Placed,0
7.18,0,Mechanical,2,6,0,0.0,1,1.1,0,0,276,1645,45.3,Mass Recruiter,1
9.13,2,IT,1,2,4,6.59,0,4.29,57,4,67,1172,52.85,Mass Recruiter,1
8.75,0,CS,3,4,4,4.86,3,2.93,181,8,354,2147,83.05,FAANG,1
7.59,1,Mechanical,1,3,2,3.73,1,1.82,0,0,0,0,31.9,Not Placed,0
7.23,0,IT,1,6,4,6.06,1,3.36,418,24,73,1102,55.73,Mass Recruiter,1
7.31,0,Civil,0,0,1,3.89,0,1.0,0,0,0,0,20.71,Not Placed,0
7.75,1,Civil,0,0,2,3.67,0,1.73,0,0,0,0,19.35,Not Placed,0
6.28,3,EEE,0,0,0,0.0,3,2.91,0,0,0,0,8.69,Not Placed,0
6.97,2,CS,1,2,3,2.78,3,5.26,174,10,347,1758,48.26,Mass Recruiter,1
5.7,0,IT,1,3,2,0.5,1,3.49,256,21,24,1209,42.45,Mass Recruiter,1
7.56,1,EEE,2,3,2,3.52,0,1.37,360,29,0,0,40.94,Mass Recruiter,1
7.78,1,CS,1,6,4,1.53,3,5.4,247,17,274,1912,60.01,Mid-tier,1
6.77,2,CS,0,0,1,4.62,2,3.5,0,0,0,0,18.8,Not Placed,0
8.62,0,IT,0,0,3,5.01,2,4.95,79,5,314,1793,49.96,Mass Recruiter,1
6.1,3,Mechanical,0,0,2,2.11,1,3.02,0,0,0,0,7.82,Not Placed,0
5.88,2,ECE,1,2,0,0.0,1,2.02,0,0,0,0,14.29,Not Placed,0
7.4,0,IT,3,8,1,2.31,3,3.18,18,4,16,1367,47.03,Mass Recruiter,1
8.14,0,CS,1,2,3,3.6,5,5.18,83,9,0,0,44.0,Mass Recruiter,1
8.72,0,ECE,1,3,5,7.07,0,3.06,38,2,126,1524,61.67,Mid-tier,1
6.79,1,Civil,1,3,2,3.03,1,2.15,0,0,0,0,29.25,Not Placed,0
8.17,0,CS,1,6,1,2.49,2,3.61,59,1,34,1207,43.46,Mass Recruiter,1
7.17,0,IT,2,6,3,4.51,2,4.77,0,5,69,1561,57.28,Mass Recruiter,1
7.04,0,EEE,0,0,1,2.83,0,1.46,363,22,57,1389,30.19,Not Placed,0
8.0,0,ECE,0,0,0,0.0,3,3.01,611,17,0,0,28.1,Not Placed,0
7.79,1,ECE,0,0,3,3.79,2,3.81,73,13,283,1349,49.65,Mass Recruiter,1
5.78,5,ECE,1,2,3,2.56,2,3.29,134,6,150,1348,36.96,Not Placed,0
8.53,0,IT,1,6,3,6.02,2,3.46,650,34,0,0,55.69,Mass Recruiter,1
8.44,3,CS,2,8,1,3.69,1,1.5,124,14,94,1359,47.05,Mass Recruiter,1
6.64,1,EEE,0,0,0,0.0,0,1.0,0,0,0,0,14.12,Not Placed,0
7.56,0,EEE,1,2,1,3.98,2,2.88,0,0,154,1835,36.42,Not Placed,0
7.64,0,EEE,0,0,3,3.39,0,1.74,0,0,101,1468,34.55,Not Placed,0
7.43,0,Mechanical,0,0,0,0.0,2,1.91,42,3,132,1263,29.45,Not Placed,0
6.7,2,IT,1,2,3,5.12,2,4.57,85,12,0,0,37.94,Not Placed,0
6.6,2,IT,2,3,3,3.04,2,4.62,111,11,141,1272,51.3,Mass Recruiter,1
7.18,0,ECE,1,3,2,3.71,1,1.94,0,0,0,0,34.97,Not Placed,0
8.26,0,ECE,0,0,2,3.64,1,3.6,0,0,0,0,28.76,Not Placed,0
7.69,0,ECE,1,2,2,0.83,0,3.2,0,0,0,0,33.86,Not Placed,0
6.87,0,ECE,1,2,3,4.58,1,2.3,0,0,0,0,31.41,Not Placed,0
7.89,0,Mechanical,0,0,1,4.43,2,1.84,0,0,19,1052,26.67,Not Placed,0
5.0,1,CS,0,0,2,1.22,3,5.25,0,0,326,1758,35.53,Not Placed,0
8.23,1,IT,1,6,1,2.62,1,2.78,0,0,19,1287,42.18,Mass Recruiter,1
5.63,5,CS,1,3,3,0.5,2,2.42,171,10,220,1606,30.51,Not Placed,0
6.87,1,IT,2,8,1,0.5,1,1.78,279,22,329,1523,58.55,Mid-tier,1
6.19,3,CS,2,4,4,2.13,1,3.9,0,0,105,1352,45.86,Mass Recruiter,1
6.03,0,IT,2,6,3,3.07,0,2.27,200,4,133,1251,52.8,Mass Recruiter,1
8.24,0,IT,1,2,4,4.43,4,5.27,236,8,19,1274,63.82,Mid-tier,1
6.78,0,CS,0,0,3,3.58,1,3.73,169,6,0,0,29.29,Not Placed,0
7.51,0,IT,2,6,2,3.97,1,4.47,137,12,25,1349,53.29,Mass Recruiter,1
7.16,3,CS,0,0,1,3.38,1,2.67,132,7,116,1438,27.2,Not Placed,0
7.63,0,CS,1,2,4,1.91,1,4.96,50,12,26,1304,47.65,Mass Recruiter,1
7.27,0,EEE,0,0,2,2.16,1,3.54,13,5,177,1479,33.59,Not Placed,0
6.05,2,IT,3,6,1,2.03,0,3.55,0,0,0,0,31.76,Not Placed,0
8.1,0,CS,0,0,2,5.7,1,3.53,0,0,265,1521,45.95,Mass Recruiter,1
6.76,3,IT,1,3,2,3.94,3,2.73,481,31,0,0,33.17,Not Placed,0
5.8,2,ECE,0,0,0,0.0,1,2.37,268,25,0,0,17.33,Not Placed,0
6.81,1,CS,2,4,1,2.57,3,4.74,13,4,0,0,46.79,Mass Recruiter,1
8.55,0,ECE,0,0,3,4.1,2,3.64,43,14,0,0,40.36,Mass Recruiter,1
7.97,0,CS,0,0,2,4.96,1,4.7,17,5,0,0,30.74,Not Placed,0
6.89,0,CS,1,2,3,3.99,3,5.39,311,30,15,1250,46.26,Mass Recruiter,1
6.89,2,IT,3,10,3,4.77,1,4.15,146,13,34,1149,56.95,Mass Recruiter,1
6.91,0,IT,3,6,4,2.24,2,5.47,0,0,98,1604,69.86,Mid-tier,1
9.07,0,ECE,3,8,2,5.63,1,3.07,0,0,0,0,55.86,Mass Recruiter,1
7.54,1,ECE,0,0,1,3.4,1,1.0,0,0,0,0,16.31,Not Placed,0
7.59,1,Civil,0,0,3,2.82,1,2.4,0,0,0,0,21.47,Not Placed,0
8.13,0,IT,0,0,6,4.15,4,7.36,0,0,0,0,43.64,Mass Recruiter,1
7.41,0,CS,2,4,1,3.37,5,4.25,394,32,200,1351,63.1,Mid-tier,1
6.97,0,ECE,0,0,4,5.81,2,3.92,0,0,115,1362,40.4,Mass Recruiter,1
7.02,1,CS,1,2,4,5.11,2,3.76,159,9,0,0,43.79,Mass Recruiter,1
7.14,0,IT,1,2,4,4.51,1,5.53,28,3,172,1591,44.56,Mass Recruiter,1
7.17,0,CS,2,6,2,3.51,1,4.65,0,0,134,1268,54.36,Mass Recruiter,1
7.85,0,CS,1,2,3,4.29,2,3.49,52,2,0,1129,50.08,Mass Recruiter,1
7.25,0,Civil,0,0,0,0.0,1,1.72,0,0,97,1411,21.72,Not Placed,0
7.86,0,EEE,1,2,2,3.56,3,2.86,177,26,366,1600,51.53,Mass Recruiter,1
7.13,0,ECE,0,0,1,1.52,1,2.89,0,0,150,1696,25.71,Not Placed,0
7.27,1,IT,0,0,2,3.73,2,4.21,21,3,0,0,34.01,Not Placed,0
5.4,1,CS,1,2,3,2.1,2,4.85,220,4,25,1104,33.68,Not Placed,0
8.02,0,CS,2,3,3,3.53,3,4.97,0,0,70,1622,58.09,Mid-tier,1
7.51,0,CS,1,3,5,4.98,3,7.85,0,0,175,1413,60.35,Mid-tier,1
8.1,0,IT,2,4,2,2.75,3,3.48,28,1,0,0,52.65,Mass Recruiter,1
5.0,1,ECE,1,2,1,1.43,1,1.03,0,0,136,1220,27.55,Not Placed,0
9.08,0,ECE,2,3,3,7.29,3,3.89,0,0,0,0,50.1,Mass Recruiter,1
7.07,0,CS,3,10,2,0.5,0,1.55,155,12,0,0,51.99,Mass Recruiter,1
8.2,1,Mechanical,0,0,5,3.77,3,3.41,106,7,0,0,37.94,Not Placed,0
6.26,0,ECE,0,0,2,0.91,2,2.5,215,4,69,1462,30.35,Not Placed,0
7.75,0,IT,1,2,3,2.33,2,3.46,129,13,232,1613,51.16,Mass Recruiter,1
6.25,2,ECE,0,0,1,1.39,2,2.14,54,7,0,0,8.34,Not Placed,0
6.64,0,IT,2,8,5,4.1,3,5.91,37,4,0,0,47.88,Mass Recruiter,1
8.92,0,CS,1,3,1,5.15,0,2.0,212,9,201,1767,60.21,Mid-tier,1
7.03,0,IT,0,0,2,3.15,4,4.66,48,3,65,1333,36.46,Not Placed,0
7.4,0,ECE,1,1,5,5.19,1,4.72,0,0,0,0,38.89,Not Placed,0
7.98,1,CS,1,6,4,4.5,2,3.99,0,0,0,0,40.67,Mass Recruiter,1
7.65,0,CS,2,2,2,2.74,1,3.09,111,9,0,0,45.0,Mass Recruiter,1
7.34,1,CS,1,3,1,1.62,2,3.69,0,0,52,1424,37.23,Not Placed,0
7.53,2,CS,1,3,2,3.12,2,2.25,57,1,117,1438,40.44,Mass Recruiter,1
9.36,0,EEE,1,3,3,4.46,1,1.0,590,11,0,0,51.39,Mass Recruiter,1
7.15,2,ECE,1,2,1,2.97,2,3.18,0,0,0,0,31.17,Not Placed,0
7.38,0,IT,0,0,2,2.1,2,4.19,0,0,161,1169,31.94,Not Placed,0
8.15,3,CS,1,2,1,2.96,5,6.55,0,0,119,1352,40.18,Mass Recruiter,1
8.19,0,IT,2,6,4,6.08,2,4.73,0,0,125,1154,60.15,Mid-tier,1
8.27,1,IT,0,0,3,5.89,3,5.36,212,12,0,0,36.87,Not Placed,0
7.77,0,CS,1,2,3,5.34,1,3.54,347,30,26,1281,53.84,Mass Recruiter,1
6.17,1,IT,0,0,2,1.91,2,4.04,0,0,174,1274,31.49,Not Placed,0
8.67,0,IT,2,2,5,5.01,2,6.33,0,0,50,1477,63.58,Mid-tier,1
6.17,2,ECE,1,2,3,2.97,2,2.0,0,0,0,0,28.54,Not Placed,0
7.47,0,ECE,2,4,3,2.62,3,4.53,0,0,0,0,44.65,Mass Recruiter,1
6.52,0,CS,1,3,6,4.81,0,6.11,154,7,0,0,41.69,Mass Recruiter,1
7.14,1,IT,2,8,1,1.77,0,2.63,0,0,14,1113,40.74,Mass Recruiter,1
7.5,1,ECE,0,0,3,3.44,3,5.52,253,11,0,0,24.61,Not Placed,0
7.49,3,IT,2,8,3,4.61,1,3.2,71,11,170,1222,49.03,Mass Recruiter,1
7.58,1,EEE,2,4,1,0.79,2,2.47,212,9,32,1336,48.91,Mass Recruiter,1
8.65,1,ECE,1,2,3,4.13,2,3.73,332,18,0,0,39.08,Not Placed,0
7.61,1,CS,2,4,5,5.05,3,3.73,0,0,257,2192,61.1,Mid-tier,1
6.98,0,CS,2,4,2,3.48,1,2.37,0,0,36,1228,49.9,Mass Recruiter,1
8.07,0,ECE,1,3,0,0.0,0,1.0,109,7,0,0,29.29,Not Placed,0
8.27,1,CS,0,0,2,4.35,2,4.46,408,15,281,2075,51.26,Mass Recruiter,1
6.1,2,IT,2,4,4,3.56,4,6.3,21,5,59,1511,54.17,Mass Recruiter,1
7.74,0,Mechanical,1,2,1,4.88,1,2.26,16,2,0,0,34.64,Not Placed,0
7.83,0,IT,1,6,2,1.92,2,4.46,214,14,228,1606,53.86,Mass Recruiter,1
6.93,4,IT,1,3,4,4.37,3,4.97,191,10,0,0,33.93,Not Placed,0
8.44,0,ECE,1,3,2,2.78,4,5.26,0,0,232,2310,51.45,Mass Recruiter,1
7.06,0,IT,1,3,3,2.97,3,4.71,0,0,281,1306,56.19,Mass Recruiter,1
7.31,0,IT,1,1,4,4.43,5,6.15,111,10,161,1498,54.65,Mass Recruiter,1
7.04,0,Mechanical,0,0,6,3.62,0,3.29,98,12,29,1162,29.73,Not Placed,0
7.21,0,IT,0,0,4,2.8,1,4.65,192,16,313,1917,52.76,Mass Recruiter,1
6.21,1,Civil,2,8,4,2.82,1,2.86,0,0,41,1250,38.17,Not Placed,0
5.9,0,Mechanical,0,0,3,3.13,2,4.08,0,0,0,0,31.18,Not Placed,0
8.64,0,CS,2,3,2,3.83,1,2.39,183,9,50,1239,52.34,Mass Recruiter,1
6.44,1,CS,2,6,1,0.82,1,2.02,342,12,0,0,37.73,Not Placed,0
6.31,2,CS,3,8,2,1.57,3,4.85,180,6,17,1081,50.24,Mass Recruiter,1
5.26,4,CS,2,3,1,2.06,0,2.33,210,5,38,1014,30.28,Not Placed,0
6.62,0,CS,3,4,2,2.45,2,3.44,107,11,57,1132,54.17,Mass Recruiter,1
6.01,2,ECE,1,3,2,1.94,2,4.01,0,0,0,0,25.01,Not Placed,0
8.68,0,CS,2,3,2,4.07,2,3.31,124,6,136,1479,66.01,Mid-tier,1
8.11,2,CS,3,6,1,3.3,3,3.74,177,6,0,0,51.16,Mass Recruiter,1
6.58,0,EEE,1,2,0,0.0,1,2.72,0,0,60,1011,33.61,Not Placed,0
9.23,0,CS,1,3,3,5.42,3,5.93,151,11,0,0,46.37,Mass Recruiter,1
8.08,0,EEE,0,0,3,5.22,1,4.06,20,2,52,1221,38.75,Not Placed,0
6.91,0,CS,0,0,3,4.34,2,3.97,569,24,95,1283,46.27,Mass Recruiter,1
5.0,0,CS,0,0,2,1.9,3,5.28,49,3,0,0,24.25,Not Placed,0
9.26,0,ECE,1,3,2,4.32,1,2.04,0,0,0,0,46.16,Mass Recruiter,1
5.95,3,ECE,2,2,2,1.99,0,1.57,293,18,0,0,27.58,Not Placed,0
5.72,1,EEE,0,0,2,1.51,0,1.0,143,10,0,0,14.39,Not Placed,0
8.12,0,ECE,0,0,4,4.91,1,4.94,0,0,0,0,36.79,Not Placed,0
9.4,0,EEE,0,0,1,5.31,1,1.31,112,12,135,1282,34.33,Not Placed,0
8.45,1,CS,2,4,5,7.02,3,5.4,0,0,96,1445,62.7,Mid-tier,1
7.71,0,CS,0,0,3,5.87,3,3.97,165,12,173,1418,48.84,Mass Recruiter,1
7.74,2,ECE,0,0,2,5.11,3,4.36,0,0,0,0,20.72,Not Placed,0
7.97,0,EEE,0,0,0,0.0,1,1.3,0,0,126,1422,32.27,Not Placed,0
7.88,0,Civil,1,6,0,0.0,1,1.0,0,0,0,0,23.49,Not Placed,0
7.45,0,IT,0,0,0,0.0,2,3.35,128,5,101,1220,31.71,Not Placed,0
7.29,0,IT,1,6,5,3.41,1,3.35,0,0,0,0,46.02,Mass Recruiter,1
7.14,0,ECE,2,4,3,2.54,0,2.03,55,5,207,1382,58.79,Mid-tier,1
6.52,0,CS,0,0,2,0.82,2,2.11,121,9,30,1123,31.82,Not Placed,0
6.95,3,Mechanical,0,0,4,3.58,4,3.56,203,6,0,0,25.71,Not Placed,0
5.68,0,EEE,1,2,3,1.56,0,2.44,0,0,190,1486,40.7,Mass Recruiter,1
7.11,0,IT,0,0,4,4.95,0,2.03,24,2,153,1448,44.95,Mass Recruiter,1
6.31,0,ECE,1,1,1,0.5,3,2.22,16,1,0,0,21.53,Not Placed,0
6.21,0,ECE,2,3,2,4.74,1,2.8,138,32,0,0,35.45,Not Placed,0
7.36,0,CS,0,0,0,0.0,3,3.07,8,4,158,1440,34.28,Not Placed,0
8.45,0,Mechanical,1,2,1,3.31,2,4.09,36,2,46,1373,38.63,Not Placed,0
8.03,0,IT,3,8,4,6.7,4,7.07,28,2,57,1217,74.15,FAANG,1
5.79,2,EEE,0,0,1,1.62,1,1.31,0,0,0,0,12.64,Not Placed,0
6.31,1,CS,2,3,2,3.62,3,4.75,87,5,36,1225,44.89,Mass Recruiter,1
8.05,0,Mechanical,2,4,1,4.77,1,2.6,0,0,85,1244,43.07,Mass Recruiter,1
6.32,0,IT,1,1,3,3.03,3,4.22,229,14,0,0,40.89,Mass Recruiter,1
7.0,0,CS,1,3,2,3.26,2,2.6,148,4,0,0,33.84,Not Placed,0
7.7,3,Mechanical,1,2,1,4.11,0,1.49,31,2,108,1499,28.32,Not Placed,0
6.33,1,CS,1,3,3,3.16,2,4.06,108,9,175,1474,42.5,Mass Recruiter,1
7.29,1,CS,3,4,3,2.03,2,3.85,30,4,187,1474,59.4,Mid-tier,1
6.0,0,Mechanical,0,0,6,0.98,2,4.85,0,0,10,1159,34.37,Not Placed,0
6.66,2,Mechanical,0,0,2,0.5,2,2.3,165,7,0,0,15.74,Not Placed,0
7.49,1,IT,2,2,5,4.22,3,4.58,472,17,110,1366,60.44,Mid-tier,1
5.77,2,ECE,0,0,3,3.64,0,2.79,458,24,0,0,17.07,Not Placed,0
7.6,3,IT,2,2,3,2.13,3,5.01,0,0,46,1392,45.46,Mass Recruiter,1
7.18,0,CS,1,2,3,3.34,2,3.26,40,5,33,1207,42.02,Mass Recruiter,1
7.7,0,CS,1,2,2,3.2,4,5.54,0,0,85,1378,47.71,Mass Recruiter,1
7.4,1,ECE,1,2,5,5.15,4,4.08,60,1,0,0,39.1,Not Placed,0
8.43,1,ECE,1,3,2,5.07,0,1.84,0,0,121,1460,48.3,Mass Recruiter,1
7.31,0,ECE,2,3,1,5.3,3,3.19,0,0,371,1608,57.75,Mass Recruiter,1
6.81,0,ECE,0,0,2,2.91,0,1.79,428,13,285,1454,42.55,Mass Recruiter,1
7.31,0,CS,1,2,3,2.55,2,3.75,334,16,0,0,44.41,Mass Recruiter,1
7.69,0,IT,1,3,4,3.61,2,6.1,36,4,0,0,52.57,Mass Recruiter,1
7.24,1,CS,0,0,3,2.87,1,3.02,90,8,41,1500,39.9,Not Placed,0
7.24,0,IT,0,0,5,3.47,3,7.45,49,1,24,1146,42.32,Mass Recruiter,1
6.57,0,IT,1,3,3,4.77,0,3.55,18,1,195,1299,49.24,Mass Recruiter,1
6.6,1,Mechanical,0,0,0,0.0,0,1.17,193,12,168,1471,22.6,Not Placed,0
5.94,0,IT,1,2,6,1.86,2,5.78,0,0,454,1735,52.94,Mass Recruiter,1
8.77,0,CS,2,6,3,6.12,3,6.72,408,14,25,1425,64.38,Mid-tier,1
6.08,2,CS,1,2,1,0.5,4,3.61,519,24,0,0,26.14,Not Placed,0
6.58,4,ECE,1,2,3,3.66,2,2.8,0,0,0,0,27.54,Not Placed,0
6.55,3,ECE,1,3,3,3.99,2,3.1,102,8,0,0,23.14,Not Placed,0
8.01,0,CS,2,6,5,6.89,2,5.03,34,3,182,1637,75.14,FAANG,1
6.93,3,CS,1,2,1,0.92,0,1.02,478,32,0,0,29.91,Not Placed,0
8.32,1,ECE,1,2,5,4.37,0,3.52,0,0,0,0,40.28,Mass Recruiter,1
6.59,2,CS,2,3,3,3.87,2,5.55,14,1,126,1745,49.27,Mass Recruiter,1
7.45,0,EEE,0,0,1,4.21,2,2.62,433,29,0,0,27.12,Not Placed,0
6.45,1,ECE,3,6,1,1.07,1,2.17,0,0,0,0,38.83,Not Placed,0
9.13,0,CS,3,12,2,3.0,3,3.81,0,0,194,1565,76.78,FAANG,1
6.13,0,CS,2,6,0,0.0,2,3.72,418,22,93,1735,46.7,Mass Recruiter,1
7.48,0,Civil,1,6,3,3.58,0,1.64,0,1,484,2022,49.81,Mass Recruiter,1
7.77,0,IT,1,2,2,3.86,1,4.78,0,0,0,0,41.51,Mass Recruiter,1
7.57,0,IT,1,2,0,0.0,3,5.05,24,4,82,1571,41.72,Mass Recruiter,1
7.03,1,EEE,0,0,2,2.48,2,3.11,39,5,0,0,16.32,Not Placed,0
7.08,0,Mechanical,0,0,0,0.0,3,2.59,359,32,0,0,18.9,Not Placed,0
7.24,0,Civil,1,6,3,3.77,0,3.12,0,0,0,0,32.18,Not Placed,0
7.07,3,ECE,0,0,3,3.42,5,6.08,232,16,0,0,21.4,Not Placed,0
8.07,2,IT,3,10,2,3.31,1,2.66,127,6,107,1375,58.32,Mid-tier,1
9.19,0,CS,2,4,3,6.19,0,2.78,92,10,0,0,54.32,Mass Recruiter,1
6.7,4,ECE,2,2,2,3.19,5,3.74,41,2,0,0,28.13,Not Placed,0
5.97,2,IT,2,2,5,4.66,1,4.83,0,0,0,1151,41.67,Mass Recruiter,1
7.12,3,IT,2,8,3,2.74,3,5.23,146,5,0,0,39.77,Not Placed,0
9.52,0,Mechanical,0,0,3,4.99,0,1.22,0,0,0,0,34.46,Not Placed,0
6.48,1,CS,1,3,4,3.79,2,4.24,175,13,0,0,38.06,Not Placed,0
8.68,0,IT,1,6,4,5.38,4,4.52,45,1,40,1073,61.01,Mid-tier,1
8.71,0,CS,0,0,1,4.06,2,2.68,95,12,0,0,36.52,Not Placed,0
6.7,0,IT,0,0,2,5.37,3,4.74,161,12,23,1198,32.22,Not Placed,0
7.71,0,CS,3,10,3,5.33,1,3.11,26,3,0,0,60.92,Mid-tier,1
8.67,0,CS,2,3,0,0.0,3,3.26,234,4,71,1338,52.79,Mass Recruiter,1
6.86,1,CS,2,4,6,4.31,2,4.1,50,11,54,1287,53.37,Mass Recruiter,1
7.02,0,ECE,1,3,4,3.29,1,3.75,0,0,0,0,31.27,Not Placed,0
6.68,2,ECE,1,2,3,0.5,1,3.16,0,0,0,0,24.77,Not Placed,0
6.29,2,IT,1,3,3,5.02,1,3.12,0,0,100,1649,41.23,Mass Recruiter,1
6.62,1,Civil,0,0,0,0.0,3,2.45,0,0,31,1177,13.7,Not Placed,0
6.1,2,IT,2,3,4,4.61,2,4.74,208,4,86,1605,44.67,Mass Recruiter,1
7.23,0,CS,1,3,3,3.45,1,3.05,0,0,79,1558,47.15,Mass Recruiter,1
6.51,0,EEE,0,0,0,0.0,1,1.0,265,6,24,1251,21.64,Not Placed,0
7.41,2,CS,0,0,3,3.77,2,5.64,32,5,132,1435,35.71,Not Placed,0
5.8,1,Civil,0,0,2,1.46,2,2.39,106,4,0,0,16.05,Not Placed,0
7.5,0,CS,1,3,2,3.33,5,5.22,290,12,0,0,38.73,Not Placed,0
7.95,2,Civil,0,0,0,0.0,1,2.41,0,0,27,1234,16.74,Not Placed,0
5.41,3,CS,2,3,3,2.28,4,8.02,0,0,0,0,33.6,Not Placed,0
7.54,0,Mechanical,0,0,1,3.56,1,1.0,25,5,421,2009,42.08,Mass Recruiter,1
8.3,0,IT,2,3,6,6.29,1,5.26,52,3,76,1553,57.91,Mass Recruiter,1
6.11,0,Civil,0,0,2,3.84,2,2.33,140,13,79,1334,29.67,Not Placed,0
8.71,0,CS,0,0,2,4.17,2,3.37,268,18,169,1369,44.98,Mass Recruiter,1
7.58,0,IT,0,0,3,2.74,3,4.12,60,3,119,1400,43.52,Mass Recruiter,1
6.57,0,Civil,0,0,1,2.09,3,2.1,0,0,33,1347,27.07,Not Placed,0
7.15,3,IT,0,0,4,3.47,2,4.57,199,8,84,1539,29.07,Not Placed,0
7.7,0,ECE,1,2,4,3.81,3,3.42,0,0,0,0,43.0,Mass Recruiter,1
7.27,0,ECE,1,2,1,2.03,2,3.66,62,2,0,0,26.79,Not Placed,0
7.68,0,IT,1,3,3,4.23,2,4.24,424,29,0,0,53.3,Mass Recruiter,1
6.37,2,ECE,3,4,2,1.37,2,3.64,0,0,0,0,36.15,Not Placed,0
7.35,0,IT,2,4,3,4.42,2,3.83,0,0,0,0,42.38,Mass Recruiter,1
5.93,1,Mechanical,1,3,1,2.14,4,3.21,0,3,0,0,18.65,Not Placed,0
7.1,1,CS,0,0,1,2.96,3,4.13,495,19,153,1597,42.52,Mass Recruiter,1
6.39,1,CS,0,0,4,1.8,0,2.67,495,13,0,0,29.2,Not Placed,0
6.54,1,Mechanical,1,2,1,2.24,0,1.21,37,1,71,1315,29.67,Not Placed,0
8.31,0,Mechanical,2,4,0,0.0,1,1.0,0,0,39,1165,46.14,Mass Recruiter,1
8.18,0,IT,0,0,4,4.29,0,2.89,0,0,155,1246,43.25,Mass Recruiter,1
7.75,0,ECE,1,2,2,3.87,0,1.0,0,0,0,0,34.73,Not Placed,0
6.22,1,CS,1,3,4,2.85,2,5.67,639,12,0,0,46.07,Mass Recruiter,1
6.92,0,CS,2,6,5,4.81,2,4.45,0,0,0,0,52.84,Mass Recruiter,1
8.29,0,IT,2,6,3,5.78,2,5.13,36,5,0,0,47.34,Mass Recruiter,1
7.33,1,IT,3,6,3,3.14,1,4.56,0,0,63,1187,58.6,Mid-tier,1
9.29,2,IT,0,0,3,6.94,1,2.67,106,13,73,1296,39.61,Not Placed,0
7.55,1,CS,1,2,4,4.11,3,4.23,210,5,41,1079,53.33,Mass Recruiter,1
7.37,2,Civil,1,3,1,2.65,1,4.05,0,0,228,1425,32.97,Not Placed,0
6.92,0,Civil,1,1,2,0.5,0,3.3,0,0,444,1427,56.09,Mass Recruiter,1
7.32,3,ECE,1,2,1,2.64,1,2.37,211,14,1,1339,35.98,Not Placed,0
7.06,0,IT,2,4,2,4.61,2,4.01,92,2,139,1465,52.5,Mass Recruiter,1
7.84,3,CS,1,1,1,2.18,0,1.9,445,33,0,0,30.3,Not Placed,0
8.06,3,EEE,0,0,1,2.84,0,1.85,0,0,0,0,17.4,Not Placed,0
6.49,2,ECE,2,8,2,2.23,0,1.73,0,2,0,0,36.05,Not Placed,0
6.0,4,CS,1,1,3,2.04,3,3.07,43,4,81,1374,34.88,Not Placed,0
5.55,2,Mechanical,0,0,2,0.5,2,1.84,0,0,0,0,15.33,Not Placed,0
7.66,0,EEE,1,3,4,1.81,2,3.72,0,0,206,1084,46.11,Mass Recruiter,1
6.21,1,Mechanical,0,0,1,0.58,2,1.6,44,5,339,1758,29.92,Not Placed,0
5.26,2,ECE,0,0,2,0.5,2,3.25,368,29,123,1609,25.41,Not Placed,0
7.55,0,ECE,1,2,3,4.54,1,2.34,555,33,0,0,46.66,Mass Recruiter,1
9.44,0,IT,1,1,0,0.0,3,2.87,45,2,154,1397,47.91,Mass Recruiter,1
7.19,3,Mechanical,0,0,1,1.47,0,2.18,0,0,0,0,11.64,Not Placed,0
7.95,0,EEE,1,6,2,4.66,1,2.6,60,1,0,0,40.69,Mass Recruiter,1
7.27,1,CS,1,3,2,0.77,3,4.29,45,5,0,0,25.04,Not Placed,0
7.11,2,CS,0,0,4,4.08,2,5.3,295,10,194,1418,44.36,Mass Recruiter,1
8.03,2,IT,1,2,3,3.93,2,4.58,0,0,107,1591,46.35,Mass Recruiter,1
6.94,4,EEE,1,2,2,3.49,0,3.06,0,0,185,1274,38.41,Not Placed,0
7.44,0,Civil,0,0,0,0.0,1,1.23,430,32,0,0,16.29,Not Placed,0
7.49,3,CS,0,0,2,2.95,3,3.96,12,2,82,1493,36.37,Not Placed,0
6.6,2,IT,1,1,3,3.62,4,4.16,174,13,47,1097,40.23,Mass Recruiter,1
8.09,0,IT,0,0,3,4.05,2,3.86,197,5,0,0,38.92,Not Placed,0
7.04,0,Civil,3,8,1,3.65,2,3.27,80,7,0,0,52.93,Mass Recruiter,1
6.52,2,EEE,0,0,5,5.06,1,4.64,69,3,71,1249,34.17,Not Placed,0
7.68,0,EEE,1,6,1,2.63,3,3.77,168,12,0,0,37.27,Not Placed,0
6.39,2,IT,1,3,1,1.96,2,1.96,8,5,27,1145,32.0,Not Placed,0
7.23,1,IT,1,2,0,0.0,2,3.87,29,4,0,0,25.13,Not Placed,0
7.19,0,CS,1,3,6,5.3,2,3.93,63,5,0,1229,51.01,Mass Recruiter,1
8.18,0,CS,2,3,3,5.12,3,5.42,0,0,0,0,47.83,Mass Recruiter,1
7.63,1,EEE,0,0,1,2.47,3,2.71,0,0,46,1156,25.93,Not Placed,0
7.18,0,EEE,1,1,1,1.67,0,2.06,0,0,116,1599,26.74,Not Placed,0
7.94,0,Civil,1,3,2,2.77,0,1.0,56,3,0,0,35.0,Not Placed,0
8.45,0,Civil,1,3,0,0.0,3,3.54,0,0,0,0,28.52,Not Placed,0
7.7,0,IT,2,4,1,3.19,2,2.23,67,2,0,0,42.26,Mass Recruiter,1
7.21,2,ECE,1,3,2,3.23,2,2.77,0,0,0,0,28.84,Not Placed,0
6.02,0,Mechanical,0,0,3,2.93,1,2.0,93,7,0,0,17.5,Not Placed,0
6.24,2,EEE,0,0,1,0.67,0,1.0,0,0,272,1665,32.13,Not Placed,0
6.93,0,CS,1,2,5,3.59,3,5.58,0,0,346,1985,60.77,Mid-tier,1
6.65,0,IT,1,3,4,3.31,3,6.54,296,26,11,1243,49.6,Mass Recruiter,1
7.03,1,CS,0,0,3,1.7,2,6.33,0,0,56,1178,29.39,Not Placed,0
7.25,1,Mechanical,0,0,2,3.18,0,1.98,165,13,117,1438,32.3,Not Placed,0
7.68,0,ECE,3,6,2,4.22,3,4.69,29,2,32,1122,62.33,Mid-tier,1
7.14,0,CS,1,3,1,1.73,0,2.59,68,5,31,1125,43.04,Mass Recruiter,1
7.64,0,ECE,1,1,4,4.74,3,5.0,0,0,0,0,43.86,Mass Recruiter,1
7.26,0,ECE,0,0,1,1.4,1,2.13,208,14,0,0,27.26,Not Placed,0
5.42,3,IT,0,0,3,0.63,2,4.36,532,34,158,1588,30.22,Not Placed,0
6.35,0,CS,1,3,2,0.5,4,5.23,0,0,0,0,27.15,Not Placed,0
7.07,0,ECE,0,0,5,3.7,2,4.04,13,3,0,0,32.12,Not Placed,0
6.11,1,IT,1,3,1,0.87,2,3.34,483,19,0,0,31.24,Not Placed,0
7.74,2,ECE,0,0,4,4.52,2,4.05,0,0,0,0,31.55,Not Placed,0
8.58,2,IT,1,3,3,7.89,2,4.86,128,9,138,1486,55.4,Mass Recruiter,1
8.3,0,EEE,0,0,0,0.0,0,1.0,0,0,0,0,25.55,Not Placed,0
7.01,1,IT,1,3,2,4.18,5,5.26,28,4,108,1423,50.36,Mass Recruiter,1
8.54,0,IT,2,6,2,2.73,3,5.83,37,1,0,0,47.79,Mass Recruiter,1
7.33,0,EEE,1,3,0,0.0,1,2.53,0,0,114,1514,26.94,Not Placed,0
6.9,2,IT,1,3,6,4.82,2,6.48,116,4,128,1338,54.43,Mass Recruiter,1
6.65,3,CS,1,2,0,0.0,0,2.02,368,10,108,1611,36.59,Not Placed,0
6.93,4,CS,2,4,4,2.71,0,3.86,252,9,0,0,34.06,Not Placed,0
6.85,1,ECE,1,6,1,3.41,2,3.7,170,14,0,0,38.8,Not Placed,0
7.35,0,ECE,0,0,1,3.94,3,4.65,0,0,0,0,27.65,Not Placed,0
7.34,1,ECE,0,0,3,5.19,2,2.14,0,0,0,0,28.08,Not Placed,0
7.2,0,CS,0,0,5,3.18,3,4.45,648,18,305,2184,65.28,Mid-tier,1
7.59,0,CS,2,6,2,3.96,0,3.85,32,1,0,0,51.73,Mass Recruiter,1
8.27,0,CS,1,3,4,3.94,2,4.38,325,10,0,0,51.38,Mass Recruiter,1
8.05,1,IT,1,3,5,6.98,1,3.96,0,0,139,1450,57.93,Mass Recruiter,1
5.86,1,IT,1,2,4,1.47,2,3.6,9,11,0,0,35.37,Not Placed,0
5.0,1,IT,3,6,3,0.5,0,2.76,6,1,0,0,38.1,Not Placed,0
8.04,2,IT,0,0,1,2.16,5,3.78,37,2,18,1132,29.38,Not Placed,0
5.97,0,Mechanical,1,6,1,1.36,0,3.17,114,9,0,0,23.61,Not Placed,0
7.0,0,CS,1,1,3,4.01,4,5.18,158,5,41,1166,45.56,Mass Recruiter,1
6.15,0,IT,1,3,2,2.67,2,3.75,134,7,140,1241,42.89,Mass Recruiter,1
5.58,0,ECE,0,0,2,0.5,5,5.27,90,6,111,1317,27.67,Not Placed,0
7.69,0,IT,2,8,4,3.84,2,5.37,182,12,0,0,55.65,Mass Recruiter,1
7.88,0,ECE,1,2,3,3.48,4,5.46,233,6,0,0,40.15,Mass Recruiter,1
6.68,3,EEE,0,0,0,0.0,0,1.96,0,0,81,1595,16.25,Not Placed,0
5.0,1,Mechanical,0,0,2,0.5,2,2.4,0,0,0,0,5.29,Not Placed,0
6.71,4,CS,2,4,1,3.71,4,4.16,0,0,267,1788,47.31,Mass Recruiter,1
7.55,0,Mechanical,0,0,3,1.52,0,2.92,0,0,61,1684,33.85,Not Placed,0
5.87,2,IT,2,4,3,1.56,0,2.78,129,6,146,1385,43.37,Mass Recruiter,1
7.37,0,CS,1,1,4,2.61,2,4.6,31,3,39,1195,45.83,Mass Recruiter,1
7.19,0,IT,2,8,3,4.46,4,5.52,0,0,0,0,44.06,Mass Recruiter,1
7.72,1,Civil,1,6,3,4.36,1,3.43,35,1,0,0,36.91,Not Placed,0
7.31,0,IT,0,0,5,4.43,2,3.58,0,0,144,1499,49.78,Mass Recruiter,1
6.32,1,CS,1,3,4,1.84,1,4.67,127,5,0,0,37.37,Not Placed,0
8.28,2,ECE,1,2,3,3.11,0,2.51,0,0,39,1055,41.16,Mass Recruiter,1
7.06,2,CS,1,1,4,4.1,3,5.67,386,13,181,1710,52.66,Mass Recruiter,1
7.18,2,CS,1,2,4,3.69,0,4.22,0,0,54,1489,43.73,Mass Recruiter,1
6.36,1,CS,2,3,2,1.13,3,5.59,334,25,0,0,41.57,Mass Recruiter,1
6.8,2,CS,0,0,2,2.54,4,5.88,0,0,0,0,25.47,Not Placed,0
6.4,1,CS,1,3,3,2.3,1,4.78,59,4,450,1690,45.93,Mass Recruiter,1
7.04,0,CS,2,4,3,4.4,3,5.85,119,13,366,1760,63.92,Mid-tier,1
8.74,0,ECE,0,0,1,4.71,0,2.13,0,0,0,0,35.7,Not Placed,0
5.97,2,CS,2,4,1,1.15,3,3.93,57,3,56,1297,28.16,Not Placed,0
5.75,1,CS,0,0,6,3.38,1,5.6,67,5,48,1231,34.99,Not Placed,0
8.52,0,Mechanical,1,6,3,5.19,2,3.89,153,13,0,0,49.04,Mass Recruiter,1
7.01,2,IT,1,2,1,2.41,2,3.15,0,0,0,0,26.66,Not Placed,0
6.6,0,ECE,0,0,2,0.73,1,3.12,256,18,84,1596,32.69,Not Placed,0
8.14,0,CS,0,0,5,6.68,2,4.97,41,1,138,1624,53.48,Mass Recruiter,1
6.65,0,CS,1,3,1,4.7,1,2.22,70,8,72,1272,41.44,Mass Recruiter,1
8.84,1,CS,0,0,4,6.88,3,6.13,0,0,226,2044,54.73,Mass Recruiter,1
7.81,0,CS,3,10,2,4.84,2,3.84,31,4,179,1584,66.29,Mid-tier,1
6.76,1,CS,1,3,2,2.08,3,5.94,8,4,217,1932,51.63,Mass Recruiter,1
9.14,0,CS,0,0,4,7.57,1,2.8,138,13,58,1078,57.1,Mass Recruiter,1
6.65,3,CS,1,3,4,3.69,3,4.65,0,0,0,0,30.99,Not Placed,0
7.87,0,CS,2,6,2,4.94,1,3.33,42,4,128,1390,52.71,Mass Recruiter,1
7.47,1,IT,1,6,3,3.91,2,5.11,149,12,136,1725,50.92,Mass Recruiter,1
8.37,1,CS,0,0,6,4.41,1,5.22,70,3,190,1631,49.31,Mass Recruiter,1
8.61,0,IT,2,8,3,4.63,3,4.95,191,9,352,1547,75.51,FAANG,1
7.23,0,IT,0,0,5,5.19,1,3.6,25,4,0,0,33.57,Not Placed,0
6.52,3,ECE,1,1,4,2.65,3,3.67,0,0,0,0,22.65,Not Placed,0
7.61,0,CS,1,3,3,4.08,4,5.46,201,7,55,1230,53.27,Mass Recruiter,1
6.59,0,ECE,1,6,2,1.9,0,1.21,0,0,341,1647,51.99,Mass Recruiter,1
9.01,0,ECE,1,2,3,4.34,2,3.27,0,0,22,1408,45.8,Mass Recruiter,1
7.32,0,CS,2,8,4,0.52,0,4.0,209,4,0,0,43.69,Mass Recruiter,1
6.87,0,EEE,0,0,1,0.5,1,1.21,0,0,170,1532,42.12,Mass Recruiter,1
7.37,1,Mechanical,3,4,1,1.63,2,3.78,0,0,0,0,41.76,Mass Recruiter,1
5.99,0,CS,2,3,3,1.58,3,5.68,0,0,0,0,39.57,Not Placed,0
6.33,1,CS,0,0,3,3.9,3,3.44,0,0,111,1407,39.21,Not Placed,0
8.28,0,EEE,0,0,2,2.97,0,1.15,432,25,102,1577,40.37,Mass Recruiter,1
6.61,0,ECE,1,2,4,2.06,1,1.77,0,0,0,0,37.28,Not Placed,0
6.26,4,CS,0,0,4,5.09,1,3.47,472,22,61,1728,38.12,Not Placed,0
7.68,0,CS,1,6,0,0.0,3,4.11,108,8,159,1588,46.71,Mass Recruiter,1
8.27,0,IT,1,2,3,5.63,2,3.87,23,2,133,1510,54.14,Mass Recruiter,1
7.85,0,IT,1,1,3,1.53,3,5.07,0,0,0,0,33.09,Not Placed,0
8.1,0,ECE,2,6,1,4.32,1,1.18,0,0,0,0,50.51,Mass Recruiter,1
6.52,0,IT,1,2,2,2.18,2,4.44,38,11,105,1593,40.75,Mass Recruiter,1
5.92,3,IT,2,4,3,2.8,2,3.76,0,0,282,1619,41.94,Mass Recruiter,1
8.55,1,ECE,2,4,0,0.0,0,1.51,168,10,0,0,34.78,Not Placed,0
6.91,0,CS,2,4,1,2.69,2,3.33,0,0,0,0,36.37,Not Placed,0
6.97,2,CS,1,6,3,5.31,3,3.68,532,14,0,0,41.85,Mass Recruiter,1
8.4,1,ECE,1,3,1,2.95,3,2.48,0,0,0,0,35.35,Not Placed,0
7.7,1,Mechanical,0,0,0,0.0,1,2.37,0,0,0,0,18.96,Not Placed,0
7.61,0,IT,1,3,3,4.44,2,4.52,167,6,106,1451,55.9,Mass Recruiter,1
9.15,0,IT,0,0,2,5.83,0,3.64,340,15,344,1632,56.85,Mass Recruiter,1
6.62,0,CS,0,0,4,1.69,4,5.86,198,4,33,1218,39.37,Not Placed,0
8.04,1,IT,1,3,4,3.76,0,3.71,0,0,333,1775,59.09,Mid-tier,1
7.25,1,IT,1,2,2,2.88,4,3.42,0,0,0,0,27.05,Not Placed,0
7.44,0,CS,2,2,6,6.76,2,5.18,333,30,25,1353,66.19,Mid-tier,1
8.58,0,CS,1,2,0,0.0,2,2.98,121,6,0,0,29.04,Not Placed,0
7.66,2,IT,0,0,3,4.74,4,6.76,0,0,60,1192,44.4,Mass Recruiter,1
7.68,1,CS,1,2,1,4.02,0,2.95,171,7,0,0,33.27,Not Placed,0
8.17,3,CS,0,0,6,5.73,2,6.63,0,0,0,0,31.63,Not Placed,0
6.87,2,CS,1,3,3,3.87,2,4.68,366,24,59,1174,41.28,Mass Recruiter,1
6.44,1,CS,1,2,4,2.96,1,3.53,0,0,17,1267,37.61,Not Placed,0
6.26,1,CS,2,3,1,0.5,2,3.49,0,0,0,0,41.62,Mass Recruiter,1
5.43,3,Mechanical,0,0,1,0.58,2,2.69,0,0,35,1006,14.04,Not Placed,0
9.05,0,IT,0,0,3,3.06,3,3.95,39,5,229,1645,45.27,Mass Recruiter,1
6.21,1,ECE,0,0,1,2.87,0,1.59,173,5,434,1739,43.67,Mass Recruiter,1
7.0,1,ECE,1,3,2,3.39,4,4.14,48,5,0,0,37.22,Not Placed,0
6.95,0,IT,2,4,2,3.94,1,4.58,0,0,0,0,42.31,Mass Recruiter,1
7.48,1,CS,3,4,5,4.76,1,2.84,20,3,90,1744,65.86,Mid-tier,1
7.93,0,IT,0,0,3,5.21,1,4.66,22,11,350,1847,54.44,Mass Recruiter,1
7.97,3,IT,0,0,0,0.0,0,1.25,18,1,49,1258,28.8,Not Placed,0
6.68,0,ECE,0,0,1,4.7,0,1.0,75,4,79,1522,29.21,Not Placed,0
7.05,0,IT,1,3,3,2.43,5,6.64,219,34,311,1483,59.26,Mid-tier,1
7.45,0,CS,0,0,4,4.65,2,5.19,0,0,278,1638,49.02,Mass Recruiter,1
6.98,0,CS,3,10,1,0.5,1,3.9,52,5,202,1282,53.83,Mass Recruiter,1
8.65,0,IT,1,1,3,5.84,1,4.34,0,0,21,1238,58.99,Mid-tier,1
7.64,1,ECE,0,0,6,6.33,2,6.55,0,0,36,1180,35.43,Not Placed,0
7.86,0,IT,0,0,2,1.17,4,5.25,400,12,30,1293,41.75,Mass Recruiter,1
7.8,0,IT,0,0,3,3.97,1,3.57,129,8,80,1291,35.92,Not Placed,0
8.26,0,Civil,0,0,3,5.33,0,2.57,0,0,0,0,29.03,Not Placed,0
7.36,0,ECE,0,0,1,3.18,1,3.39,0,0,0,0,26.03,Not Placed,0
6.03,3,CS,1,6,5,1.57,0,3.38,0,0,0,0,26.54,Not Placed,0
7.56,1,CS,2,8,3,2.41,1,3.18,80,4,70,1367,55.75,Mass Recruiter,1
6.61,2,CS,0,0,5,3.44,2,4.75,0,0,30,1087,32.19,Not Placed,0
6.72,2,CS,1,3,4,2.81,1,2.42,42,5,113,1289,46.63,Mass Recruiter,1
7.73,0,CS,0,0,3,3.53,2,4.31,0,0,112,1320,47.47,Mass Recruiter,1
8.31,2,CS,0,0,3,2.9,1,2.19,67,5,0,0,26.36,Not Placed,0
7.22,1,CS,2,4,5,4.26,4,6.04,0,0,47,1312,56.03,Mass Recruiter,1
7.48,1,CS,1,2,6,6.81,4,7.09,132,11,0,0,48.32,Mass Recruiter,1
8.73,0,Mechanical,0,0,1,2.72,1,1.62,0,0,139,1553,38.49,Not Placed,0
7.42,0,CS,0,0,5,4.16,2,6.34,14,4,0,0,38.06,Not Placed,0
9.54,0,IT,1,2,4,6.87,2,3.43,377,31,41,1232,63.08,Mid-tier,1
7.71,0,IT,0,0,4,2.44,2,5.55,368,17,36,1556,45.45,Mass Recruiter,1
5.62,1,Civil,2,4,4,2.27,2,4.24,434,16,42,1241,45.87,Mass Recruiter,1
7.88,0,CS,2,3,4,5.72,2,3.23,0,0,123,1797,67.63,Mid-tier,1
7.54,3,IT,1,2,3,2.55,4,7.37,65,3,21,1188,40.2,Mass Recruiter,1
8.36,2,Civil,0,0,0,0.0,3,2.55,26,1,0,0,17.9,Not Placed,0
7.81,1,EEE,0,0,2,3.77,0,1.2,0,0,0,0,25.33,Not Placed,0
7.08,1,EEE,1,3,1,2.58,1,1.0,427,19,418,1840,49.23,Mass Recruiter,1
6.1,1,CS,1,2,3,1.79,0,3.02,0,0,143,1638,41.98,Mass Recruiter,1
7.01,2,CS,2,2,6,3.53,1,4.8,6,1,189,1564,49.82,Mass Recruiter,1
6.43,1,ECE,0,0,2,2.2,1,2.88,49,2,0,0,25.13,Not Placed,0
6.68,1,Mechanical,0,0,3,3.63,0,2.06,43,2,0,0,10.49,Not Placed,0
7.73,0,IT,2,8,2,3.2,4,5.31,8,1,74,1244,55.73,Mass Recruiter,1
8.7,0,IT,1,6,3,4.3,1,3.39,0,0,157,1597,61.64,Mid-tier,1
7.56,1,CS,2,3,2,3.24,2,2.25,0,0,186,1316,46.31,Mass Recruiter,1
6.12,1,ECE,1,2,2,2.3,2,3.18,250,21,0,0,31.86,Not Placed,0
7.6,0,CS,3,6,2,3.56,3,2.41,76,2,81,1180,57.78,Mass Recruiter,1
8.28,1,CS,2,3,4,4.95,2,4.88,89,11,12,1031,54.14,Mass Recruiter,1
6.65,0,IT,2,4,1,1.24,4,3.62,127,7,0,0,44.35,Mass Recruiter,1
7.08,1,IT,1,3,5,4.93,2,5.13,0,0,114,1258,50.99,Mass Recruiter,1
7.21,3,CS,2,6,4,5.24,2,5.65,198,12,0,0,36.95,Not Placed,0
6.49,1,CS,0,0,3,2.73,0,2.44,127,11,109,1425,31.87,Not Placed,0
7.78,0,ECE,1,1,1,4.15,1,3.25,0,0,0,0,37.02,Not Placed,0
7.09,1,CS,1,3,3,3.59,3,4.35,262,16,0,0,42.17,Mass Recruiter,1
7.58,1,IT,1,3,3,2.59,3,6.1,78,8,0,0,45.92,Mass Recruiter,1
6.4,1,CS,3,6,3,3.37,3,4.41,16,4,0,0,55.41,Mass Recruiter,1
6.81,4,IT,2,4,3,3.0,2,3.53,571,13,368,1693,57.01,Mass Recruiter,1
7.85,0,IT,0,0,3,4.95,1,4.25,241,7,146,1091,56.13,Mass Recruiter,1
6.86,1,CS,0,0,2,4.52,0,2.45,0,0,0,0,25.69,Not Placed,0
8.75,0,CS,3,10,3,4.56,2,3.53,51,2,0,0,57.91,Mass Recruiter,1
6.84,3,CS,2,8,0,0.0,3,3.12,40,3,125,1329,36.16,Not Placed,0
7.4,0,CS,1,2,2,2.08,3,4.26,146,11,112,1342,38.47,Not Placed,0
8.04,1,Civil,1,2,3,3.91,0,3.37,0,0,22,1091,44.32,Mass Recruiter,1
5.92,2,CS,1,2,1,1.3,2,1.85,0,0,0,0,28.78,Not Placed,0
5.62,2,EEE,1,3,3,2.0,1,2.82,428,27,0,0,22.94,Not Placed,0
5.83,0,CS,0,0,4,2.55,2,5.1,135,11,258,2054,45.87,Mass Recruiter,1
8.34,2,ECE,1,3,3,5.01,1,3.35,0,0,0,0,35.23,Not Placed,0
6.7,0,ECE,1,2,2,3.04,0,3.35,339,21,0,0,31.85,Not Placed,0
9.5,0,IT,2,2,2,5.88,1,3.24,0,0,140,1487,54.72,Mass Recruiter,1
6.69,0,IT,1,3,6,4.96,0,4.25,0,0,118,1373,50.82,Mass Recruiter,1
7.37,2,IT,1,2,2,2.34,1,3.77,202,26,0,0,32.1,Not Placed,0
8.59,0,CS,2,4,4,4.4,0,3.68,209,13,46,1218,59.91,Mid-tier,1
9.01,0,Mechanical,1,3,0,0.0,1,1.29,17,5,0,0,30.96,Not Placed,0
9.06,0,EEE,1,2,0,0.0,0,1.51,0,0,62,1394,41.8,Mass Recruiter,1
8.29,0,Civil,0,0,6,6.93,4,4.98,0,0,0,0,37.18,Not Placed,0
8.12,0,CS,1,2,3,3.83,1,3.21,448,13,63,1166,53.52,Mass Recruiter,1
7.73,1,ECE,1,3,4,4.18,1,3.18,68,6,0,0,41.21,Mass Recruiter,1
7.9,2,Mechanical,0,0,2,3.45,1,3.48,0,0,0,0,22.46,Not Placed,0
6.7,0,CS,0,0,5,6.43,0,1.42,156,7,64,1198,42.02,Mass Recruiter,1
6.46,2,CS,1,2,2,1.24,3,4.62,21,3,61,931,33.32,Not Placed,0
7.2,0,ECE,1,1,3,2.36,0,2.73,0,0,0,0,35.28,Not Placed,0
7.05,0,IT,1,6,3,3.24,4,3.86,180,10,92,1514,48.0,Mass Recruiter,1
6.79,0,EEE,0,0,2,2.37,3,3.65,149,9,0,0,29.82,Not Placed,0
7.83,0,CS,1,1,2,2.27,2,4.18,135,31,11,1079,50.43,Mass Recruiter,1
8.06,0,ECE,1,3,2,3.75,2,3.77,121,5,0,0,35.81,Not Placed,0
7.28,0,CS,1,3,4,3.9,3,2.98,0,0,29,1295,49.11,Mass Recruiter,1
8.53,0,CS,2,3,4,4.53,2,5.69,133,6,215,1574,69.79,Mid-tier,1
6.17,2,CS,0,0,4,2.59,3,4.51,471,13,367,1837,45.45,Mass Recruiter,1
7.03,0,EEE,1,3,4,2.71,0,3.25,0,0,284,1428,50.36,Mass Recruiter,1
6.55,0,ECE,2,4,1,0.6,0,2.49,0,0,0,0,33.73,Not Placed,0
5.52,3,IT,2,4,3,1.22,2,3.5,0,0,33,1128,29.24,Not Placed,0
7.13,0,IT,2,8,4,2.54,2,5.13,166,11,0,0,53.69,Mass Recruiter,1
7.09,0,EEE,1,2,2,1.33,3,3.09,102,6,0,0,26.6,Not Placed,0
8.56,0,IT,1,2,3,2.54,1,2.04,0,0,40,1237,51.1,Mass Recruiter,1
7.77,0,EEE,0,0,0,0.0,2,3.03,0,0,0,0,16.03,Not Placed,0
6.28,0,IT,1,3,1,2.23,1,2.28,210,11,58,1210,39.39,Not Placed,0
8.87,0,IT,1,2,2,4.94,2,3.12,27,12,120,1500,59.65,Mid-tier,1
8.3,2,IT,1,1,3,5.69,2,3.88,27,2,90,1446,48.63,Mass Recruiter,1
7.72,0,CS,0,0,5,4.93,2,5.22,0,0,88,1631,43.78,Mass Recruiter,1
7.0,1,ECE,0,0,3,3.51,0,2.65,46,1,0,0,20.45,Not Placed,0
6.34,2,IT,1,2,3,1.79,2,4.64,54,5,131,1387,36.72,Not Placed,0
6.87,0,CS,1,2,3,2.8,3,3.63,65,13,0,0,40.9,Mass Recruiter,1
8.18,0,Mechanical,1,1,1,5.31,1,1.41,230,20,0,0,38.39,Not Placed,0
8.9,0,IT,1,3,3,5.62,2,4.11,266,30,102,1418,56.18,Mass Recruiter,1
8.59,0,IT,2,8,2,5.13,3,5.82,0,0,43,1251,54.56,Mass Recruiter,1
6.76,0,Mechanical,0,0,0,0.0,2,2.01,0,0,0,0,16.61,Not Placed,0
6.19,0,ECE,0,0,1,1.77,2,3.77,0,0,0,0,19.17,Not Placed,0
7.33,0,CS,2,4,3,4.45,1,3.73,378,12,0,0,59.77,Mid-tier,1
5.61,6,Mechanical,1,3,2,2.8,3,3.01,0,3,0,0,18.63,Not Placed,0
7.49,0,ECE,1,6,2,2.68,2,3.1,179,10,0,0,45.76,Mass Recruiter,1
7.07,0,CS,3,10,1,2.6,1,2.77,2,5,170,1464,56.39,Mass Recruiter,1
6.78,0,CS,1,6,5,2.49,1,4.98,0,0,117,1679,46.66,Mass Recruiter,1
5.76,6,ECE,0,0,2,1.99,3,4.9,0,0,0,0,7.97,Not Placed,0
7.66,0,ECE,0,0,1,3.67,0,2.19,0,0,115,1598,39.69,Not Placed,0
6.72,1,IT,2,3,1,2.47,5,5.85,0,0,164,1258,54.53,Mass Recruiter,1
6.15,2,Mechanical,0,0,0,0.0,0,1.0,143,7,22,1257,11.05,Not Placed,0
5.0,3,ECE,0,0,2,0.5,3,3.47,0,0,0,0,6.55,Not Placed,0
7.18,0,CS,2,4,3,2.69,2,3.62,254,30,269,1435,58.25,Mid-tier,1
8.8,0,CS,2,3,3,5.4,2,4.45,52,3,197,1478,57.53,Mass Recruiter,1
8.7,0,CS,2,6,3,6.48,4,4.91,40,3,0,0,59.16,Mid-tier,1
6.79,0,ECE,0,0,1,2.39,1,2.98,478,30,0,0,28.47,Not Placed,0
6.66,0,CS,1,2,4,3.9,2,3.86,0,0,0,0,39.66,Not Placed,0
7.62,0,IT,3,8,4,6.42,0,3.63,0,0,58,1241,60.78,Mid-tier,1
6.3,0,ECE,2,3,2,2.58,0,2.85,0,0,0,0,42.36,Mass Recruiter,1
7.47,0,EEE,1,3,2,2.23,0,1.0,0,0,192,1307,39.56,Not Placed,0
7.89,1,CS,2,8,3,4.9,3,6.4,355,27,58,1313,63.68,Mid-tier,1
8.3,3,EEE,0,0,2,3.78,0,1.67,0,0,43,1250,18.49,Not Placed,0
7.11,0,CS,0,0,1,4.41,1,1.28,44,1,125,1282,35.96,Not Placed,0
7.02,0,EEE,1,3,3,2.85,1,2.93,369,13,60,1690,46.62,Mass Recruiter,1
6.41,0,CS,1,2,3,2.25,3,4.73,236,11,38,1175,45.93,Mass Recruiter,1
6.46,4,IT,1,2,3,3.27,3,4.63,0,0,365,1614,45.97,Mass Recruiter,1
7.0,0,ECE,1,3,4,3.97,0,3.89,0,0,0,0,39.48,Not Placed,0
7.53,0,CS,2,3,4,4.92,0,4.2,0,0,0,0,44.58,Mass Recruiter,1
8.02,0,CS,1,2,1,2.94,4,4.64,232,13,272,1815,57.06,Mass Recruiter,1
6.48,1,ECE,0,0,1,2.86,1,2.76,63,3,0,0,19.51,Not Placed,0
8.54,0,ECE,2,8,1,2.11,3,3.32,0,0,174,1385,55.95,Mass Recruiter,1
6.96,0,ECE,1,3,2,2.16,3,5.22,259,5,13,1255,41.31,Mass Recruiter,1
7.18,0,ECE,2,6,1,3.31,3,2.22,0,0,220,1651,48.11,Mass Recruiter,1
6.53,4,IT,0,0,3,0.66,1,3.81,157,5,35,1171,19.63,Not Placed,0
5.02,1,CS,3,8,2,1.37,3,4.35,0,0,96,1242,40.16,Mass Recruiter,1
8.0,1,CS,1,1,4,4.95,3,5.75,359,18,113,1357,58.64,Mid-tier,1
7.86,1,CS,1,1,2,2.87,2,3.12,9,5,136,1163,47.07,Mass Recruiter,1
6.95,1,Mechanical,0,0,0,0.0,0,1.0,0,0,57,1042,21.3,Not Placed,0
7.26,0,IT,1,3,2,3.61,1,3.43,0,0,135,1422,48.19,Mass Recruiter,1
7.66,0,IT,2,3,4,2.66,1,4.32,511,26,0,0,45.12,Mass Recruiter,1
5.79,2,IT,2,6,3,2.86,2,5.39,249,26,143,1312,46.03,Mass Recruiter,1
6.72,3,Mechanical,1,1,2,1.08,1,1.38,0,0,0,0,18.18,Not Placed,0
7.91,2,CS,2,8,4,5.35,2,5.52,5,3,384,1691,67.82,Mid-tier,1
6.07,0,IT,2,3,2,0.5,2,5.69,32,12,15,1181,43.14,Mass Recruiter,1
7.46,0,IT,1,3,3,2.14,2,3.9,47,5,72,1468,49.23,Mass Recruiter,1
5.98,5,ECE,1,1,0,0.0,2,1.47,0,0,0,0,12.66,Not Placed,0
7.62,1,CS,1,3,4,5.03,4,5.27,288,34,520,2111,67.08,Mid-tier,1
7.17,2,EEE,1,1,3,2.07,0,2.31,94,8,0,0,23.62,Not Placed,0
5.75,1,Mechanical,2,3,2,2.54,1,2.85,0,0,0,0,33.44,Not Placed,0
8.25,0,IT,2,6,3,5.92,1,3.23,0,0,168,1476,61.44,Mid-tier,1
6.54,2,ECE,2,8,3,3.46,2,4.94,172,6,109,1541,43.62,Mass Recruiter,1
6.47,2,Mechanical,0,0,2,0.5,2,2.01,0,0,0,0,10.03,Not Placed,0
7.38,0,ECE,2,3,2,2.72,4,2.91,0,0,0,0,39.4,Not Placed,0
8.23,0,CS,2,6,4,2.59,1,4.99,262,32,440,1156,75.87,FAANG,1
6.29,1,IT,2,3,5,5.71,5,4.68,139,7,0,0,48.91,Mass Recruiter,1
7.26,0,ECE,2,3,4,4.53,0,2.94,0,0,0,0,43.9,Mass Recruiter,1
7.59,0,IT,0,0,1,3.91,3,6.39,91,12,411,1737,46.04,Mass Recruiter,1
7.82,3,ECE,1,2,4,3.24,0,3.09,240,5,0,0,35.05,Not Placed,0
7.36,0,Mechanical,1,2,3,2.57,3,2.9,0,0,0,0,30.99,Not Placed,0
6.87,3,Mechanical,0,0,1,2.07,1,1.95,306,5,0,0,13.02,Not Placed,0
6.46,0,IT,2,4,2,3.43,3,4.26,0,0,156,1576,59.1,Mid-tier,1
7.28,1,CS,0,0,1,1.78,3,4.03,29,3,313,1906,43.21,Mass Recruiter,1
6.24,4,Civil,1,3,3,4.73,0,2.83,268,30,0,0,20.4,Not Placed,0
5.0,0,EEE,1,2,0,0.0,0,1.0,0,0,0,0,9.29,Not Placed,0
7.59,0,CS,2,6,2,1.67,4,6.15,0,0,94,1572,54.62,Mass Recruiter,1
8.01,0,Mechanical,1,1,0,0.0,0,1.3,0,0,32,1522,27.07,Not Placed,0
5.07,0,EEE,1,3,4,1.45,0,3.28,48,1,0,0,30.14,Not Placed,0
6.29,2,IT,2,4,2,3.74,2,3.3,100,4,33,1031,41.89,Mass Recruiter,1
7.76,2,IT,2,6,5,3.58,2,6.03,0,1,53,1765,56.78,Mass Recruiter,1
9.05,0,IT,0,0,3,4.71,0,2.99,65,1,120,1395,44.43,Mass Recruiter,1
7.22,0,CS,1,6,5,4.43,1,4.72,114,5,231,1558,67.47,Mid-tier,1
6.54,1,CS,0,0,4,1.98,0,2.85,383,32,476,1765,61.66,Mid-tier,1
7.04,1,EEE,2,6,1,0.51,1,1.2,181,6,0,0,31.7,Not Placed,0
8.44,0,CS,1,2,3,3.8,4,5.75,215,14,0,0,48.57,Mass Recruiter,1
6.62,1,CS,1,6,2,3.89,5,4.95,498,14,104,1646,51.72,Mass Recruiter,1
6.48,1,IT,1,3,3,2.46,3,4.02,0,0,0,0,32.62,Not Placed,0
6.77,2,IT,1,1,6,2.96,1,4.39,0,0,86,1530,39.5,Not Placed,0
6.34,0,Mechanical,0,0,0,0.0,3,3.16,347,29,57,1352,22.41,Not Placed,0
7.31,1,CS,1,6,2,1.94,2,3.3,41,4,23,1322,36.99,Not Placed,0
8.66,0,CS,1,2,2,4.04,1,3.21,108,4,0,0,44.11,Mass Recruiter,1
7.49,0,ECE,0,0,1,3.81,4,3.91,0,0,0,0,24.58,Not Placed,0
6.97,3,IT,1,2,5,2.71,3,3.97,413,18,53,1284,34.3,Not Placed,0
6.94,2,CS,2,4,3,3.65,3,3.52,0,0,120,1620,51.57,Mass Recruiter,1
5.79,0,IT,1,1,2,1.19,3,4.57,32,4,95,1566,39.87,Not Placed,0
7.99,0,CS,3,6,6,7.4,1,4.31,0,0,408,1931,88.24,FAANG,1
7.13,0,CS,0,0,1,2.2,1,3.75,59,7,70,1416,36.17,Not Placed,0
7.04,0,IT,2,4,3,0.6,3,5.47,0,0,175,1486,48.63,Mass Recruiter,1
10.0,0,IT,1,2,2,6.54,1,3.88,183,9,0,0,41.33,Mass Recruiter,1
7.47,0,Mechanical,1,2,4,4.52,1,4.66,41,5,0,0,35.38,Not Placed,0
6.52,1,IT,2,4,4,3.32,3,5.03,27,4,335,1842,58.95,Mid-tier,1
6.82,2,IT,1,2,4,4.81,3,5.62,232,11,42,1066,48.01,Mass Recruiter,1
8.23,0,ECE,0,0,2,2.07,1,2.33,17,4,0,0,28.13,Not Placed,0
7.3,1,CS,2,4,3,2.41,3,6.66,148,10,19,1188,55.22,Mass Recruiter,1
5.91,0,ECE,0,0,2,1.65,3,5.39,27,2,0,0,16.77,Not Placed,0
8.03,3,CS,1,6,1,3.57,3,3.91,0,0,0,0,35.0,Not Placed,0
6.6,3,Civil,0,0,2,2.17,0,2.21,0,0,0,0,14.3,Not Placed,0
8.89,0,CS,2,3,3,3.29,1,4.79,0,0,325,1598,58.14,Mid-tier,1
8.17,1,IT,0,0,4,4.18,2,4.48,0,0,234,1704,53.51,Mass Recruiter,1
6.8,3,CS,1,2,2,4.51,1,2.77,24,5,372,1569,45.53,Mass Recruiter,1
8.35,0,Civil,0,0,1,2.43,0,2.2,0,0,0,0,25.49,Not Placed,0
7.26,0,IT,0,0,2,2.98,1,3.36,383,15,134,1201,38.76,Not Placed,0
7.97,0,IT,2,6,5,5.49,2,5.15,130,11,0,0,62.97,Mid-tier,1
7.64,1,CS,2,3,3,4.73,4,4.53,358,24,133,1393,55.59,Mass Recruiter,1
6.44,2,ECE,0,0,2,2.97,0,1.0,0,0,0,0,19.82,Not Placed,0
6.62,1,CS,0,0,2,1.75,3,4.49,0,0,0,0,26.99,Not Placed,0
8.13,0,Mechanical,1,6,1,2.44,2,3.22,0,0,0,0,29.88,Not Placed,0
6.9,1,CS,1,1,5,5.92,0,3.82,174,14,0,0,50.69,Mass Recruiter,1
6.84,3,CS,1,2,1,3.25,4,5.55,0,0,0,0,26.57,Not Placed,0
6.34,1,CS,1,3,5,3.37,2,4.44,0,0,0,0,40.44,Mass Recruiter,1
7.58,0,IT,2,3,2,5.0,2,2.96,0,0,129,1435,49.38,Mass Recruiter,1
9.06,0,IT,0,0,2,3.04,3,4.25,35,2,237,1712,58.18,Mid-tier,1
6.24,1,CS,3,6,6,2.04,1,4.83,0,0,92,1418,53.16,Mass Recruiter,1
7.22,2,ECE,0,0,3,0.81,2,4.32,129,11,0,0,26.37,Not Placed,0
8.47,1,IT,0,0,1,3.99,0,1.78,298,29,0,0,28.16,Not Placed,0
7.13,1,IT,0,0,0,0.0,3,4.59,329,22,0,0,21.66,Not Placed,0
7.61,0,IT,1,3,2,3.59,2,5.37,371,19,6,1192,52.02,Mass Recruiter,1
6.24,2,IT,1,2,3,2.99,3,4.67,173,6,116,1358,45.02,Mass Recruiter,1
7.59,0,IT,2,4,3,3.49,1,4.7,64,6,63,1484,50.79,Mass Recruiter,1
7.03,1,CS,2,6,1,2.5,3,3.05,79,10,0,0,44.89,Mass Recruiter,1
8.09,0,CS,0,0,2,2.92,3,5.16,582,28,149,1499,53.07,Mass Recruiter,1
8.27,0,EEE,1,2,1,4.04,1,2.84,0,0,0,0,29.23,Not Placed,0
9.53,0,Mechanical,3,8,4,4.63,1,3.89,0,0,0,0,65.46,Mid-tier,1
7.72,2,IT,3,10,3,4.17,2,4.19,297,23,142,1497,60.6,Mid-tier,1
7.49,0,CS,1,3,2,2.42,4,2.44,0,0,101,1668,44.93,Mass Recruiter,1
7.37,1,ECE,3,10,4,2.37,2,3.59,0,0,46,1444,59.9,Mid-tier,1
6.88,0,IT,0,0,2,2.34,3,3.8,47,5,453,2190,45.4,Mass Recruiter,1
7.5,0,CS,2,3,4,5.15,3,4.32,111,7,76,1581,61.71,Mid-tier,1
6.93,0,CS,0,0,2,1.81,2,3.9,0,2,61,1135,34.71,Not Placed,0
7.35,0,ECE,1,2,2,3.97,1,2.46,0,0,0,0,33.33,Not Placed,0
8.39,0,ECE,2,3,4,4.93,1,2.94,0,0,0,0,52.17,Mass Recruiter,1
6.29,0,CS,2,2,2,0.91,3,3.45,314,25,0,0,41.44,Mass Recruiter,1
8.23,0,CS,1,2,3,3.95,1,3.13,0,0,37,1266,48.93,Mass Recruiter,1
8.39,2,CS,1,1,3,4.39,2,5.1,18,5,156,1635,53.41,Mass Recruiter,1
7.09,0,ECE,0,0,4,0.8,3,4.07,0,0,230,1914,45.8,Mass Recruiter,1
5.29,3,CS,1,2,4,0.5,2,4.19,0,0,18,1212,31.71,Not Placed,0
6.65,1,CS,1,2,2,1.94,3,3.93,0,0,141,1209,35.51,Not Placed,0
8.37,1,ECE,2,8,0,0.0,1,2.27,104,11,0,0,39.66,Not Placed,0
7.18,0,CS,1,2,3,4.21,1,4.06,52,4,407,1731,55.35,Mass Recruiter,1
6.3,0,ECE,0,0,4,2.16,3,2.16,441,11,0,0,26.19,Not Placed,0
6.75,0,CS,3,4,3,3.36,0,4.02,410,30,46,1102,60.53,Mid-tier,1
7.96,0,CS,1,2,2,3.69,1,4.45,14,1,36,1189,41.46,Mass Recruiter,1
7.69,0,CS,1,2,2,2.47,4,3.96,473,34,55,1069,52.97,Mass Recruiter,1
6.98,2,ECE,2,3,2,2.13,1,2.02,0,0,0,0,34.88,Not Placed,0
6.87,3,EEE,1,1,3,1.45,4,3.94,42,1,0,0,14.86,Not Placed,0
6.85,2,EEE,0,0,4,5.57,4,4.1,0,0,0,0,21.23,Not Placed,0
6.37,2,IT,2,3,1,2.15,1,3.08,81,8,0,0,26.63,Not Placed,0
8.65,0,ECE,2,4,3,3.16,0,1.14,36,3,59,1243,51.15,Mass Recruiter,1
6.91,0,CS,0,0,1,4.36,3,3.01,42,1,108,1604,39.8,Not Placed,0
8.3,0,CS,3,6,4,3.57,2,5.83,31,3,353,1546,75.29,FAANG,1
8.57,0,Mechanical,1,2,2,3.62,0,1.16,50,2,0,0,32.97,Not Placed,0
8.1,0,CS,2,2,3,3.97,3,5.69,0,0,157,1597,65.07,Mid-tier,1
6.81,1,CS,1,3,1,2.17,0,2.68,36,3,33,1204,26.06,Not Placed,0
7.56,0,CS,3,12,2,4.15,4,3.35,0,0,0,0,62.05,Mid-tier,1
7.18,0,CS,2,6,4,1.42,1,4.61,0,0,43,1113,50.35,Mass Recruiter,1
6.39,2,CS,0,0,4,2.96,1,4.01,18,3,110,1404,33.38,Not Placed,0
7.49,1,IT,1,2,4,3.7,1,3.74,0,0,124,1399,45.69,Mass Recruiter,1
6.14,0,IT,1,2,3,2.49,5,5.9,0,0,28,1208,48.1,Mass Recruiter,1
8.27,2,Mechanical,0,0,2,3.62,2,3.28,21,5,0,0,17.63,Not Placed,0
6.78,4,EEE,0,0,3,2.38,2,3.87,0,0,0,0,15.34,Not Placed,0
7.38,0,CS,2,3,0,0.0,2,3.94,429,20,110,1342,52.69,Mass Recruiter,1
7.45,0,CS,1,3,4,0.91,2,4.93,234,4,74,1408,43.48,Mass Recruiter,1
6.97,1,IT,2,6,0,0.0,1,1.4,55,3,293,1805,46.16,Mass Recruiter,1
7.73,2,IT,1,2,4,2.78,2,4.22,37,2,151,1263,45.27,Mass Recruiter,1
6.77,3,CS,1,1,3,5.32,2,6.55,226,6,107,1837,39.74,Not Placed,0
7.98,0,ECE,1,2,3,4.72,2,4.28,0,0,85,1442,44.54,Mass Recruiter,1
5.99,2,IT,0,0,5,0.5,1,6.4,30,3,113,1342,31.05,Not Placed,0
7.31,0,IT,1,6,5,5.2,4,7.12,0,0,381,1918,70.35,Mid-tier,1
8.95,0,IT,3,8,3,4.3,1,3.89,210,13,0,0,61.6,Mid-tier,1
6.3,0,CS,0,0,4,2.44,5,6.34,60,14,145,1596,48.54,Mass Recruiter,1
6.59,3,Mechanical,0,0,1,1.54,0,1.47,385,31,0,0,9.69,Not Placed,0
7.66,1,ECE,1,6,1,5.56,2,1.51,0,0,95,1461,37.83,Not Placed,0
7.36,1,CS,0,0,3,3.41,2,4.21,121,6,89,1325,46.38,Mass Recruiter,1
7.52,2,EEE,1,1,2,2.54,1,3.37,216,10,0,0,24.85,Not Placed,0
7.64,1,IT,3,8,3,4.68,2,3.72,17,9,9,1115,54.33,Mass Recruiter,1
7.77,0,Mechanical,1,2,2,4.21,1,2.73,54,2,0,0,27.3,Not Placed,0
8.2,0,ECE,1,2,0,0.0,1,2.68,125,9,0,0,34.9,Not Placed,0
7.57,0,IT,0,0,2,4.25,3,3.57,127,6,16,1107,37.03,Not Placed,0
6.98,2,CS,3,12,4,3.65,3,4.74,115,8,0,0,53.44,Mass Recruiter,1
7.81,0,CS,2,4,4,3.65,3,4.29,106,10,0,0,51.68,Mass Recruiter,1
8.91,0,IT,2,2,3,3.0,1,3.04,27,5,0,0,53.67,Mass Recruiter,1
7.08,0,ECE,0,0,1,1.54,2,1.87,51,5,0,0,22.14,Not Placed,0
6.32,0,CS,1,3,1,0.78,2,2.68,527,23,137,1352,54.72,Mass Recruiter,1
8.2,0,CS,1,1,5,7.36,2,6.14,0,0,0,0,50.11,Mass Recruiter,1
7.09,0,EEE,1,3,3,4.32,1,2.07,19,5,0,0,39.05,Not Placed,0
5.24,3,Civil,0,0,1,0.5,0,1.6,0,0,63,1570,14.93,Not Placed,0
7.96,1,IT,0,0,2,3.89,1,2.9,0,0,86,1161,35.83,Not Placed,0
6.72,1,CS,0,0,4,2.5,1,5.04,0,0,24,1440,32.2,Not Placed,0
7.12,0,CS,1,2,3,4.79,1,4.75,0,0,348,1487,57.38,Mass Recruiter,1
7.5,0,CS,1,3,3,2.9,3,5.39,55,2,0,0,43.11,Mass Recruiter,1
7.37,0,Mechanical,1,2,3,2.63,2,3.54,175,14,253,1963,49.37,Mass Recruiter,1
7.84,0,CS,2,3,2,3.66,5,5.12,0,0,0,0,47.62,Mass Recruiter,1
6.81,3,IT,1,3,4,1.74,3,4.15,47,1,0,0,35.37,Not Placed,0
7.66,0,CS,0,0,2,3.2,0,4.35,0,0,78,1456,46.49,Mass Recruiter,1
6.97,1,IT,0,0,4,2.8,4,4.99,26,2,326,2058,51.91,Mass Recruiter,1
7.86,0,ECE,2,3,2,4.21,3,4.33,0,0,139,1043,59.4,Mid-tier,1
7.75,0,EEE,1,1,1,4.71,1,2.85,621,10,71,1328,41.44,Mass Recruiter,1
6.36,1,CS,2,3,1,1.73,2,2.96,174,4,130,1238,47.4,Mass Recruiter,1
8.18,0,CS,0,0,2,4.12,5,6.13,546,19,53,1407,53.36,Mass Recruiter,1
6.72,0,CS,1,2,4,4.1,2,5.21,0,0,152,1558,47.48,Mass Recruiter,1
7.93,0,Mechanical,0,0,2,1.78,3,4.78,0,0,326,1927,41.27,Mass Recruiter,1
7.53,0,EEE,0,0,1,2.32,0,1.12,128,4,0,0,29.51,Not Placed,0
8.85,0,IT,0,0,3,5.93,1,2.67,0,0,176,1468,45.67,Mass Recruiter,1
7.0,0,ECE,0,0,2,4.15,1,2.4,0,0,171,1410,31.44,Not Placed,0
6.89,4,ECE,0,0,2,3.47,2,3.47,0,0,0,0,22.75,Not Placed,0
7.18,0,CS,2,2,3,5.12,3,4.75,36,3,0,0,52.35,Mass Recruiter,1
6.93,1,Mechanical,0,0,0,0.0,4,2.79,230,9,0,0,18.42,Not Placed,0
7.92,0,IT,0,0,2,2.83,2,2.27,146,4,287,1560,47.08,Mass Recruiter,1
5.75,2,IT,1,6,3,2.04,0,3.58,0,0,0,0,26.75,Not Placed,0
6.25,1,IT,0,0,5,4.51,3,7.08,3,5,0,0,33.53,Not Placed,0
6.24,2,CS,3,6,3,1.19,3,5.07,224,5,116,1575,61.02,Mid-tier,1
8.06,1,CS,2,4,4,4.63,1,4.59,60,3,178,1168,60.21,Mid-tier,1
8.74,0,ECE,2,4,1,4.18,2,3.36,208,4,0,0,54.94,Mass Recruiter,1
7.11,0,CS,1,2,4,4.54,3,5.42,147,13,3,1458,47.13,Mass Recruiter,1
7.05,0,ECE,0,0,3,3.58,3,4.95,54,1,0,0,29.37,Not Placed,0
7.26,2,CS,2,3,1,1.46,2,3.72,0,10,271,1907,48.8,Mass Recruiter,1
8.25,0,IT,1,3,3,4.04,2,3.95,166,9,0,0,41.02,Mass Recruiter,1
6.37,1,CS,1,6,3,2.12,5,5.06,221,8,207,1765,50.97,Mass Recruiter,1
7.41,0,IT,2,4,3,2.81,3,4.5,126,11,0,0,50.25,Mass Recruiter,1
8.08,0,ECE,2,2,2,4.11,1,3.05,0,0,0,0,44.62,Mass Recruiter,1
7.65,0,CS,1,2,2,5.73,1,3.05,153,4,0,0,50.16,Mass Recruiter,1
7.37,0,IT,1,3,3,4.8,3,4.95,159,6,0,0,45.58,Mass Recruiter,1
8.1,0,IT,2,4,4,6.1,1,4.45,13,2,62,1316,65.05,Mid-tier,1
5.0,3,ECE,0,0,2,0.5,0,2.97,0,0,0,0,7.36,Not Placed,0
7.81,0,Mechanical,2,4,1,4.63,1,3.03,138,12,0,0,48.42,Mass Recruiter,1
6.61,1,ECE,1,2,2,4.26,1,2.86,0,0,0,0,38.82,Not Placed,0
5.55,4,CS,2,4,1,0.5,3,2.85,101,4,141,1273,37.91,Not Placed,0
7.66,0,CS,2,6,3,4.32,1,3.42,0,1,424,1607,63.44,Mid-tier,1
8.44,0,CS,1,2,3,5.13,3,4.74,30,5,206,1289,54.65,Mass Recruiter,1
7.08,0,IT,2,4,0,0.0,1,1.03,122,9,33,1280,44.29,Mass Recruiter,1
8.06,0,CS,2,8,2,3.53,0,3.91,40,1,48,1232,56.77,Mass Recruiter,1
8.65,0,IT,1,3,5,3.92,1,4.61,301,15,0,0,54.64,Mass Recruiter,1
8.38,0,IT,2,6,1,4.6,4,4.71,70,8,0,0,51.98,Mass Recruiter,1
8.68,0,CS,1,1,0,0.0,4,5.09,47,4,56,1311,41.97,Mass Recruiter,1
7.87,0,ECE,1,3,1,3.01,1,1.9,0,0,31,1223,36.43,Not Placed,0
7.27,0,CS,1,3,4,5.03,3,5.56,0,0,119,1492,55.04,Mass Recruiter,1
5.76,3,CS,1,3,5,1.23,3,5.41,0,0,89,1482,44.56,Mass Recruiter,1
6.98,0,ECE,0,0,2,2.33,4,4.15,38,4,0,0,30.48,Not Placed,0
6.44,0,IT,2,4,5,4.23,2,4.38,347,24,0,0,55.47,Mass Recruiter,1
9.15,0,ECE,0,0,4,7.87,2,5.43,0,0,0,0,45.32,Mass Recruiter,1
7.04,0,IT,1,3,1,3.69,0,2.1,14,1,17,1250,38.22,Not Placed,0
7.31,1,CS,1,2,3,3.62,2,4.76,0,0,380,1592,52.2,Mass Recruiter,1
7.7,1,EEE,2,6,1,2.9,3,1.5,0,0,0,0,33.01,Not Placed,0
7.24,1,ECE,3,8,2,2.65,2,4.24,0,0,0,0,45.18,Mass Recruiter,1
8.73,0,ECE,1,6,5,5.35,1,4.84,0,0,0,0,46.72,Mass Recruiter,1
6.64,0,CS,1,3,4,1.1,1,4.18,59,4,40,1049,48.11,Mass Recruiter,1
7.38,1,IT,1,2,2,5.24,3,4.12,185,12,319,1837,54.27,Mass Recruiter,1
6.53,1,IT,0,0,4,3.01,3,5.42,185,4,68,1272,34.68,Not Placed,0
6.01,0,CS,1,1,3,1.24,2,6.03,138,6,18,1194,47.65,Mass Recruiter,1
6.65,3,Mechanical,0,0,4,3.69,3,2.79,0,0,0,0,16.59,Not Placed,0
7.17,2,CS,3,6,2,2.08,0,3.43,157,6,102,1620,54.79,Mass Recruiter,1
6.81,1,Mechanical,1,3,4,4.45,0,1.97,147,14,0,0,36.41,Not Placed,0
6.58,0,IT,1,2,4,2.24,4,5.58,47,3,119,1403,44.17,Mass Recruiter,1
